anio,codigo_delito_snic_id,codigo_delito_snic_nombre,cantidad_hechos,cantidad_victimas,cantidad_victimas_masc,cantidad_victimas_fem,cantidad_victimas_sd,tasa_hechos,tasa_victimas,tasa_victimas_masc,tasa_victimas_fem
2000,1,Homicidios dolosos,2653,2805,2167,369,269,7.2270207,7.6410828,12.048265,1.9707898
2000,10,Abusos sexuales con acceso carnal (violaciones),3023,3107,325,2284,498,8.2349348,8.4637594,1.8069618,12.198602
2000,11,Otros delitos contra la integridad sexual,5911,6173,784,3959,1430,16.102118,16.81583,4.3589478,21.144598
2000,12,Delitos contra el estado civil,178,,,,,.48488867,,,
2000,13,Amenazas,92826,,,,,252.86671,,,
2000,14,Otros delitos contra la libertad,15628,15628,0,0,15628,42.572136,42.572136,0,0
2000,15,Robos (excluye los agravados por el resultado de lesiones y/o muertes),320649,,,,,873.47791,,,
2000,16,Tentativas de robo (excluye las agravadas por el res. de lesiones y/o muerte),21223,,,,,57.813438,,,
2000,17,Robos agravados por el resultado de lesiones y/o muertes ,14819,,,,,40.368343,,,
2000,18,Tentativas de robo agravado por el resultado de lesiones y/o muertes,2541,,,,,6.9219222,,,
2000,19,Hurtos,293888,,,,,800.57843,,,
2000,2,Homicidios dolosos en grado de tentativa,884,942,641,135,177,2.4080989,2.5660963,3.5638845,.72102064
2000,20,Tentativas de hurto,11432,,,,,31.141838,,,
2000,21,Otros delitos contra la propiedad,89175,,,,,242.92105,,,
2000,22,Delitos contra la seguridad pública,5147,,,,,14.02091,,,
2000,23,Delitos contra el orden público,1558,,,,,4.2441378,,,
2000,24,Delitos contra la seguridad de la nación,34,,,,,.092619188,,,
2000,25,Delitos contra los poderes públicos y el orden constitucional,85,,,,,.23154797,,,
2000,26,Delitos contra la administración pública,10110,,,,,27.540586,,,
2000,27,Delitos contra la fe pública,5868,,,,,15.984982,,,
2000,28,Ley 23.737 (estupefacientes),15994,,,,,43.569153,,,
2000,29,Otros delitos previstos en leyes especiales,16195,,,,,44.116695,,,
2000,3,Muertes en accidentes viales,3686,4297,2932,927,438,10.041009,11.705431,16.301575,4.9510083
2000,30,Contravenciones,130384,,,,,355.17822,,,
2000,31,Suicidios (consumados),3129,3129,0,0,3129,9.3990049,9.3990049,0,0
2000,4,Homicidios culposos por otros hechos,1058,1119,663,262,194,2.882091,3.0482609,3.686202,1.3993142
2000,5,Lesiones dolosas,107864,112475,55115,39485,17875,293.83163,306.39243,306.43292,210.88519
2000,6,Lesiones culposas en Accidentes Viales,54429,61882,36408,17283,8191,148.2697,168.57237,202.42419,92.306664
2000,7,Lesiones culposas por otros hechos,11024,11410,4286,2557,4567,30.030409,31.081909,23.829657,13.656666
2000,8,Otros delitos contra las personas,21232,22033,10689,5274,6070,57.837955,60.019955,59.429585,28.167873
2000,9,Delitos contra el honor,372,383,98,231,54,1.0133629,1.0433279,.54486847,1.2337464
2001,1,Homicidios dolosos,3053,3143,2529,399,215,8.2166653,8.4588852,13.89465,2.1049914
2001,10,Abusos sexuales con acceso carnal (violaciones),3289,3377,281,2449,647,8.8518209,9.0886593,1.5438501,12.920111
2001,11,Otros delitos contra la integridad sexual,5803,6002,674,4217,1111,15.617853,16.153431,3.7030425,22.247492
2001,12,Delitos contra el estado civil,99,,,,,.26644278,,,
2001,13,Amenazas,108340,,,,,291.5799,,,
2001,14,Otros delitos contra la libertad,13729,13729,0,0,13729,36.949425,36.949425,0,0
2001,15,Robos (excluye los agravados por el resultado de lesiones y/o muertes),345725,,,,,930.46393,,,
2001,16,Tentativas de robo (excluye las agravadas por el res. de lesiones y/o muerte),19898,,,,,53.552307,,,
2001,17,Robos agravados por el resultado de lesiones y/o muertes ,16029,,,,,43.139507,,,
2001,18,Tentativas de robo agravado por el resultado de lesiones y/o muertes,2082,,,,,5.6033726,,,
2001,19,Hurtos,304122,,,,,818.49609,,,
2001,2,Homicidios dolosos en grado de tentativa,888,985,710,154,121,2.3899109,2.6509712,3.9008312,.81245285
2001,20,Tentativas de hurto,10594,,,,,28.51207,,,
2001,21,Otros delitos contra la propiedad,84334,,,,,226.97157,,,
2001,22,Delitos contra la seguridad pública,5736,,,,,15.437533,,,
2001,23,Delitos contra el orden público,4734,,,,,12.740809,,,
2001,24,Delitos contra la seguridad de la nación,34,,,,,.091505602,,,
2001,25,Delitos contra los poderes públicos y el orden constitucional,110,,,,,.29604754,,,
2001,26,Delitos contra la administración pública,11662,,,,,31.386421,,,
2001,27,Delitos contra la fe pública,5387,,,,,14.498256,,,
2001,28,Ley 23.737 (estupefacientes),15364,,,,,41.349766,,,
2001,29,Otros delitos previstos en leyes especiales,17956,,,,,48.325722,,,
2001,3,Muertes en accidentes viales,3797,4339,2980,963,396,10.219023,11.67773,16.372503,5.0804682
2001,30,Contravenciones,202813,,,,,545.83899,,,
2001,31,Suicidios (consumados),3167,3167,0,0,3167,9.3887501,9.3887501,0,0
2001,4,Homicidios culposos por otros hechos,625,678,437,158,83,1.6820883,1.8247293,2.4009342,.83355552
2001,5,Lesiones dolosas,117745,124273,61686,44408,18179,316.89197,334.46106,338.9108,234.28186
2001,6,Lesiones culposas en Accidentes Viales,58530,68583,40014,18362,10207,157.5242,184.58026,219.84206,96.871811
2001,7,Lesiones culposas por otros hechos,8907,9287,3837,2142,3308,23.971777,24.994486,21.080971,11.300481
2001,8,Otros delitos contra las personas,17979,18965,10374,5437,3154,48.387623,51.041286,56.99609,28.683805
2001,9,Delitos contra el honor,379,408,118,250,40,1.0200183,1.0980673,.64830714,1.3189169
2002,1,Homicidios dolosos,3459,3571,2903,402,266,9.2133732,9.5116959,15.788522,2.0985076
2002,10,Abusos sexuales con acceso carnal (violaciones),3037,3098,250,2161,687,8.0893364,8.2518158,1.3596729,11.280784
2002,11,Otros delitos contra la integridad sexual,5773,5997,704,4087,1206,15.37693,15.973576,3.8288388,21.334827
2002,12,Delitos contra el estado civil,219,,,,,.58332717,,,
2002,13,Amenazas,114247,,,,,304.30768,,,
2002,14,Otros delitos contra la libertad,13921,13921,0,0,13921,37.079899,37.079899,0,0
2002,15,Robos (excluye los agravados por el resultado de lesiones y/o muertes),423478,,,,,1127.9736,,,
2002,16,Tentativas de robo (excluye las agravadas por el res. de lesiones y/o muerte),25500,,,,,67.921661,,,
2002,17,Robos agravados por el resultado de lesiones y/o muertes ,17906,,,,,47.694321,,,
2002,18,Tentativas de robo agravado por el resultado de lesiones y/o muertes,3015,,,,,8.0307369,,,
2002,19,Hurtos,372905,,,,,993.2677,,,
2002,2,Homicidios dolosos en grado de tentativa,862,922,713,139,70,2.2960184,2.4558342,3.8777871,.7256034
2002,20,Tentativas de hurto,13813,,,,,36.792229,,,
2002,21,Otros delitos contra la propiedad,80247,,,,,213.74547,,,
2002,22,Delitos contra la seguridad pública,5199,,,,,13.848027,,,
2002,23,Delitos contra el orden público,1241,,,,,3.3055208,,,
2002,24,Delitos contra la seguridad de la nación,59,,,,,.15715207,,,
2002,25,Delitos contra los poderes públicos y el orden constitucional,159,,,,,.42351151,,,
2002,26,Delitos contra la administración pública,12330,,,,,32.842121,,,
2002,27,Delitos contra la fe pública,5495,,,,,14.636452,,,
2002,28,Ley 23.737 (estupefacientes),15508,,,,,41.307022,,,
2002,29,Otros delitos previstos en leyes especiales,23139,,,,,61.632912,,,
2002,3,Muertes en accidentes viales,3178,3550,2461,698,391,8.4649029,9.45576,13.384621,3.6436775
2002,30,Contravenciones,118238,,,,,314.93808,,,
2002,31,Suicidios (consumados),2966,2966,0,0,2966,8.6973391,8.6973391,0,0
2002,4,Homicidios culposos por otros hechos,589,621,439,122,60,1.5688571,1.6540922,2.3875856,.63686049
2002,5,Lesiones dolosas,125267,130786,63066,46301,21419,333.66049,348.36087,342.99652,241.69901
2002,6,Lesiones culposas en Accidentes Viales,53527,61253,33794,16928,10531,142.57422,163.15315,183.79515,88.367004
2002,7,Lesiones culposas por otros hechos,7181,7524,3421,1738,2365,19.127272,20.040884,18.605764,9.0726519
2002,8,Otros delitos contra las personas,16947,17741,9915,5009,2817,45.139935,47.254829,53.924629,26.147821
2002,9,Delitos contra el honor,295,308,80,199,29,.78576034,.82038707,.43509534,1.0388135
2003,1,Homicidios dolosos,2883,2967,2354,349,264,7.5999737,7.8214087,12.673499,1.802673
2003,10,Abusos sexuales con acceso carnal (violaciones),3451,3521,297,2407,817,9.0972977,9.281827,1.5989928,12.432762
2003,11,Otros delitos contra la integridad sexual,6484,6698,752,4711,1235,17.092691,17.656824,4.0486283,24.333504
2003,12,Delitos contra el estado civil,196,,,,,.51668221,,,
2003,13,Amenazas,117234,,,,,309.04449,,,
2003,14,Otros delitos contra la libertad,13267,13267,0,0,13267,34.973587,34.973587,0,0
2003,15,Robos (excluye los agravados por el resultado de lesiones y/o muertes),393547,,,,,1037.4425,,,
2003,16,Tentativas de robo (excluye las agravadas por el res. de lesiones y/o muerte),21547,,,,,56.800774,,,
2003,17,Robos agravados por el resultado de lesiones y/o muertes ,16552,,,,,43.633286,,,
2003,18,Tentativas de robo agravado por el resultado de lesiones y/o muertes,2216,,,,,5.8416724,,,
2003,19,Hurtos,334916,,,,,882.88336,,,
2003,2,Homicidios dolosos en grado de tentativa,928,974,770,115,89,2.446332,2.5675943,4.1455369,.59400398
2003,20,Tentativas de hurto,11070,,,,,29.181999,,,
2003,21,Otros delitos contra la propiedad,76862,,,,,202.61852,,,
2003,22,Delitos contra la seguridad pública,4934,,,,,13.006683,,,
2003,23,Delitos contra el orden público,987,,,,,2.6018639,,,
2003,24,Delitos contra la seguridad de la nación,56,,,,,.14762349,,,
2003,25,Delitos contra los poderes públicos y el orden constitucional,135,,,,,.35587806,,,
2003,26,Delitos contra la administración pública,13127,,,,,34.604527,,,
2003,27,Delitos contra la fe pública,5000,,,,,13.180669,,,
2003,28,Ley 23.737 (estupefacientes),15378,,,,,40.538464,,,
2003,29,Otros delitos previstos en leyes especiales,22004,,,,,58.005486,,,
2003,3,Muertes en accidentes viales,3125,3531,2432,771,328,8.2379179,9.3081884,13.093436,3.9824095
2003,30,Contravenciones,130115,,,,,343.00055,,,
2003,31,Suicidios (consumados),2860,2860,0,0,2860,8.2953911,8.2953911,0,0
2003,4,Homicidios culposos por otros hechos,665,688,419,217,52,1.7530289,1.81366,2.2558181,1.1208597
2003,5,Lesiones dolosas,131360,137578,66664,48817,22097,346.28253,362.67401,358.90659,252.15211
2003,6,Lesiones culposas en Accidentes Viales,56678,64881,36250,18194,10437,149.41078,171.03499,195.16327,93.976601
2003,7,Lesiones culposas por otros hechos,7356,7664,3251,1868,2545,19.391399,20.203329,17.502781,9.6486912
2003,8,Otros delitos contra las personas,16509,17239,9585,4830,2824,43.519932,45.444309,51.603859,24.948168
2003,9,Delitos contra el honor,328,332,71,211,50,.86465186,.8751964,.38225082,1.0898682
2004,1,Homicidios dolosos,2264,2341,1780,350,211,5.9066768,6.1075664,9.4864931,1.7888199
2004,10,Abusos sexuales con acceso carnal (violaciones),3452,3529,334,2515,680,9.0061159,9.2070055,1.7800499,12.853949
2004,11,Otros delitos contra la integridad sexual,6921,7152,800,5001,1351,18.056585,18.659254,4.2635927,25.559681
2004,12,Delitos contra el estado civil,156,,,,,.40699714,,,
2004,13,Amenazas,130448,,,,,340.3331,,,
2004,14,Otros delitos contra la libertad,13238,13238,0,0,13238,34.537361,34.537361,0,0
2004,15,Robos (excluye los agravados por el resultado de lesiones y/o muertes),352554,,,,,919.79791,,,
2004,16,Tentativas de robo (excluye las agravadas por el res. de lesiones y/o muerte),21468,,,,,56.009068,,,
2004,17,Robos agravados por el resultado de lesiones y/o muertes ,11157,,,,,29.108124,,,
2004,18,Tentativas de robo agravado por el resultado de lesiones y/o muertes,1737,,,,,4.5317569,,,
2004,19,Hurtos,316886,,,,,826.74164,,,
2004,2,Homicidios dolosos en grado de tentativa,876,931,644,132,155,2.2854455,2.4289382,3.4321921,.67464066
2004,20,Tentativas de hurto,11332,,,,,29.56469,,,
2004,21,Otros delitos contra la propiedad,77755,,,,,202.85938,,,
2004,22,Delitos contra la seguridad pública,4833,,,,,12.609085,,,
2004,23,Delitos contra el orden público,1350,,,,,3.5220907,,,
2004,24,Delitos contra la seguridad de la nación,61,,,,,.15914632,,,
2004,25,Delitos contra los poderes públicos y el orden constitucional,140,,,,,.36525384,,,
2004,26,Delitos contra la administración pública,13531,,,,,35.301785,,,
2004,27,Delitos contra la fe pública,4989,,,,,13.016082,,,
2004,28,Ley 23.737 (estupefacientes),18341,,,,,47.850864,,,
2004,29,Otros delitos previstos en leyes especiales,22522,,,,,58.758907,,,
2004,3,Muertes en accidentes viales,3506,3982,2667,874,441,9.1470003,10.388863,14.213752,4.466939
2004,30,Contravenciones,128199,,,,,334.46555,,,
2004,31,Suicidios (consumados),2843,2843,0,0,2843,8.1564884,8.1564884,0,0
2004,4,Homicidios culposos por otros hechos,716,785,498,207,80,1.8680125,2.0480306,2.6540864,1.0579592
2004,5,Lesiones dolosas,142257,148802,71774,54355,22673,371.14227,388.2179,382.51886,277.80374
2004,6,Lesiones culposas en Accidentes Viales,64717,74394,43193,20915,10286,168.84381,194.09068,230.19669,106.89477
2004,7,Lesiones culposas por otros hechos,8620,8931,3665,2440,2826,22.489201,23.300587,19.532583,12.47063
2004,8,Otros delitos contra las personas,16708,17619,9002,5320,3297,43.590439,45.967197,47.976074,27.190062
2004,9,Delitos contra el honor,381,392,84,272,36,.99401224,1.0227108,.44767722,1.3901685
2005,1,Homicidios dolosos,2120,2203,1689,322,192,5.4739642,5.6882753,8.9106827,1.6284015
2005,10,Abusos sexuales con acceso carnal (violaciones),3156,3223,272,2409,542,8.1489773,8.3219748,1.4349946,12.182669
2005,11,Otros delitos contra la integridad sexual,6852,7087,752,4896,1439,17.692266,18.299049,3.9673378,24.759794
2005,12,Delitos contra el estado civil,85,,,,,.21947499,,,
2005,13,Amenazas,131288,,,,,338.99332,,,
2005,14,Otros delitos contra la libertad,13210,13213,3,0,13210,34.108994,34.116741,.015827145,0
2005,15,Robos (excluye los agravados por el resultado de lesiones y/o muertes),322267,,,,,832.1123,,,
2005,16,Tentativas de robo (excluye las agravadas por el res. de lesiones y/o muerte),20767,,,,,53.621613,,,
2005,17,Robos agravados por el resultado de lesiones y/o muertes ,10823,,,,,27.945621,,,
2005,18,Tentativas de robo agravado por el resultado de lesiones y/o muertes,1475,,,,,3.8085365,,,
2005,19,Hurtos,292455,,,,,755.13599,,,
2005,2,Homicidios dolosos en grado de tentativa,916,978,694,151,133,2.3651657,2.5252533,3.6613464,.76362926
2005,20,Tentativas de hurto,11214,,,,,28.955206,,,
2005,21,Otros delitos contra la propiedad,80249,,,,,207.20763,,,
2005,22,Delitos contra la seguridad pública,5381,,,,,13.894057,,,
2005,23,Delitos contra el orden público,1371,,,,,3.5400023,,,
2005,24,Delitos contra la seguridad de la nación,37,,,,,.095536172,,,
2005,25,Delitos contra los poderes públicos y el orden constitucional,120,,,,,.30984703,,,
2005,26,Delitos contra la administración pública,13891,,,,,35.867378,,,
2005,27,Delitos contra la fe pública,5428,,,,,14.015414,,,
2005,28,Ley 23.737 (estupefacientes),22378,,,,,57.781307,,,
2005,29,Otros delitos previstos en leyes especiales,25332,,,,,65.408707,,,
2005,3,Muertes en accidentes viales,3443,3983,2771,919,293,8.890028,10.28434,14.619007,4.6475186
2005,30,Contravenciones,126279,,,,,326.05978,,,
2005,31,Suicidios (consumados),2709,2712,3,0,2709,7.6876025,7.696116,.017472014,0
2005,4,Homicidios culposos por otros hechos,895,941,593,198,150,2.3109424,2.4297173,3.128499,1.0013152
2005,5,Lesiones dolosas,142135,149315,71766,53782,23767,367.00092,385.5401,378.61697,271.98352
2005,6,Lesiones culposas en Accidentes Viales,73066,84614,47303,25673,11638,188.66071,218.47832,249.55716,129.83215
2005,7,Lesiones culposas por otros hechos,9532,9937,4231,2704,3002,24.612183,25.657917,22.32155,13.674527
2005,8,Otros delitos contra las personas,15832,16625,8411,5083,3131,40.879154,42.926723,44.374043,25.705481
2005,9,Delitos contra el honor,316,329,69,227,33,.81593055,.84949732,.36402434,1.1479725
2006,1,Homicidios dolosos,2057,2111,1602,315,194,5.256537,5.3945308,8.366416,1.5762432
2006,10,Abusos sexuales con acceso carnal (violaciones),3272,3386,262,2411,713,8.3613949,8.6527147,1.3682903,12.064515
2006,11,Otros delitos contra la integridad sexual,7353,7683,826,5336,1521,18.79014,19.633434,4.3137703,26.701059
2006,12,Delitos contra el estado civil,168,,,,,.42931366,,,
2006,13,Amenazas,136351,,,,,348.43658,,,
2006,14,Otros delitos contra la libertad,15810,15810,0,0,15810,40.401482,40.401482,0,0
2006,15,Robos (excluye los agravados por el resultado de lesiones y/o muertes),318613,,,,,814.19592,,,
2006,16,Tentativas de robo (excluye las agravadas por el res. de lesiones y/o muerte),21061,,,,,53.820091,,,
2006,17,Robos agravados por el resultado de lesiones y/o muertes ,12605,,,,,32.211304,,,
2006,18,Tentativas de robo agravado por el resultado de lesiones y/o muertes,1761,,,,,4.5001273,,,
2006,19,Hurtos,280619,,,,,717.10461,,,
2006,2,Homicidios dolosos en grado de tentativa,836,894,631,160,103,2.1363466,2.2845621,3.2953863,.80063146
2006,20,Tentativas de hurto,11422,,,,,29.188219,,,
2006,21,Otros delitos contra la propiedad,83264,,,,,212.77603,,,
2006,22,Delitos contra la seguridad pública,5614,,,,,14.346231,,,
2006,23,Delitos contra el orden público,1457,,,,,3.723274,,,
2006,24,Delitos contra la seguridad de la nación,25,,,,,.063885964,,,
2006,25,Delitos contra los poderes públicos y el orden constitucional,184,,,,,.47020069,,,
2006,26,Delitos contra la administración pública,14740,,,,,37.667164,,,
2006,27,Delitos contra la fe pública,5039,,,,,12.876855,,,
2006,28,Ley 23.737 (estupefacientes),24552,,,,,62.741127,,,
2006,29,Otros delitos previstos en leyes especiales,26042,,,,,66.548729,,,
2006,3,Muertes en accidentes viales,3695,4326,2982,1011,333,9.4423456,11.054827,15.573442,5.05899
2006,30,Contravenciones,145785,,,,,372.54462,,,
2006,31,Suicidios (consumados),2746,2746,0,0,2746,7.7079339,7.7079339,0,0
2006,4,Homicidios culposos por otros hechos,743,797,467,184,146,1.8986908,2.0366845,2.4388993,.92072618
2006,5,Lesiones dolosas,143482,150367,70691,55364,24312,366.65942,384.25363,369.1825,277.03851
2006,6,Lesiones culposas en Accidentes Viales,83888,96221,53947,28597,13677,214.37062,245.88686,281.73724,143.09785
2006,7,Lesiones culposas por otros hechos,11483,11814,5151,3120,3543,29.344101,30.189951,26.901005,15.612313
2006,8,Otros delitos contra las personas,17544,18381,8351,7018,3012,44.832615,46.971516,43.612949,35.117699
2006,9,Delitos contra el honor,358,373,79,247,47,.91484702,.95317858,.41257608,1.2359748
2007,1,Homicidios dolosos,2071,2139,1779,315,45,5.237751,5.4097295,9.1970501,1.5596611
2007,10,Abusos sexuales con acceso carnal (violaciones),3281,3352,317,2173,862,8.2979536,8.477519,1.6388223,10.759186
2007,11,Otros delitos contra la integridad sexual,7283,7486,721,4557,2208,18.419382,18.932789,3.7274163,22.563097
2007,12,Delitos contra el estado civil,90,,,,,.22761835,,,
2007,13,Amenazas,133472,,,,,337.56308,,,
2007,14,Otros delitos contra la libertad,25395,25395,0,0,25395,64.226311,64.226311,0,0
2007,15,Robos (excluye los agravados por el resultado de lesiones y/o muertes),331723,,,,,838.95825,,,
2007,16,Tentativas de robo (excluye las agravadas por el res. de lesiones y/o muerte),21846,,,,,55.250561,,,
2007,17,Robos agravados por el resultado de lesiones y/o muertes ,12797,,,,,32.364799,,,
2007,18,Tentativas de robo agravado por el resultado de lesiones y/o muertes,1315,,,,,3.325757,,,
2007,19,Hurtos,248510,,,,,628.50482,,,
2007,2,Homicidios dolosos en grado de tentativa,780,827,607,159,61,1.9726924,2.0915596,3.1380606,.78725749
2007,20,Tentativas de hurto,16287,,,,,41.191334,,,
2007,21,Otros delitos contra la propiedad,79509,,,,,201.08563,,,
2007,22,Delitos contra la seguridad pública,5421,,,,,13.710212,,,
2007,23,Delitos contra el orden público,1815,,,,,4.5903034,,,
2007,24,Delitos contra la seguridad de la nación,112,,,,,.28325838,,,
2007,25,Delitos contra los poderes públicos y el orden constitucional,767,,,,,1.9398142,,,
2007,26,Delitos contra la administración pública,13258,,,,,33.530712,,,
2007,27,Delitos contra la fe pública,4249,,,,,10.746116,,,
2007,28,Ley 23.737 (estupefacientes),23638,,,,,59.782696,,,
2007,29,Otros delitos previstos en leyes especiales,23066,,,,,58.336056,,,
2007,3,Muertes en accidentes viales,3786,4364,3050,945,369,9.5751457,11.036961,15.767849,4.6789832
2007,30,Contravenciones,133316,,,,,337.16855,,,
2007,31,Suicidios (consumados),2768,2768,0,0,2768,7.6852694,7.6852694,0,0
2007,4,Homicidios culposos por otros hechos,681,727,386,184,157,1.7223122,1.8386505,1.9955376,.91104013
2007,5,Lesiones dolosas,139142,146308,68955,54432,22921,351.90302,370.02652,356.48264,269.50943
2007,6,Lesiones culposas en Accidentes Viales,97056,111177,62776,30321,18080,245.46362,281.17694,324.53851,150.12852
2007,7,Lesiones culposas por otros hechos,10355,10920,5563,3382,1975,26.188755,27.617693,28.759523,16.745314
2007,8,Otros delitos contra las personas,22601,23753,9868,10705,3180,57.160027,60.07354,51.015453,53.003723
2007,9,Delitos contra el honor,640,650,86,235,329,1.6186194,1.6439103,.44460166,1.1635567
2008,1,Homicidios dolosos,2305,2377,1952,358,67,5.7694583,5.9496756,9.9895992,1.75392
2008,10,Abusos sexuales con acceso carnal (violaciones),3368,3494,358,2687,449,8.4301672,8.7455473,1.8321089,13.164198
2008,11,Otros delitos contra la integridad sexual,6994,7297,713,5070,1514,17.506113,18.264528,3.6488647,24.839033
2008,12,Delitos contra el estado civil,124,,,,,.31037432,,,
2008,13,Amenazas,142714,,,,,357.21582,,,
2008,14,Otros delitos contra la libertad,14914,14916,0,4,14912,37.330021,37.335026,0,.019596871
2008,15,Robos (excluye los agravados por el resultado de lesiones y/o muertes),361716,,,,,905.3819,,,
2008,16,Tentativas de robo (excluye las agravadas por el res. de lesiones y/o muerte),25116,,,,,62.865818,,,
2008,17,Robos agravados por el resultado de lesiones y/o muertes ,10048,,,,,25.150331,,,
2008,18,Tentativas de robo agravado por el resultado de lesiones y/o muertes,1485,,,,,3.7169828,,,
2008,19,Hurtos,272825,,,,,682.88605,,,
2008,2,Homicidios dolosos en grado de tentativa,993,1036,702,193,141,2.4854975,2.5931275,3.592571,.94554901
2008,20,Tentativas de hurto,11380,,,,,28.484352,,,
2008,21,Otros delitos contra la propiedad,86661,,,,,216.91411,,,
2008,22,Delitos contra la seguridad pública,5992,,,,,14.998088,,,
2008,23,Delitos contra el orden público,2126,,,,,5.3214178,,,
2008,24,Delitos contra la seguridad de la nación,36,,,,,.09010867,,,
2008,25,Delitos contra los poderes públicos y el orden constitucional,144,,,,,.36043468,,,
2008,26,Delitos contra la administración pública,16101,,,,,40.301105,,,
2008,27,Delitos contra la fe pública,3567,,,,,8.9282675,,,
2008,28,Ley 23.737 (estupefacientes),30003,,,,,75.098068,,,
2008,29,Otros delitos previstos en leyes especiales,30986,,,,,77.55854,,,
2008,3,Muertes en accidentes viales,3997,4554,3260,954,340,10.004566,11.398747,16.683449,4.6738539
2008,30,Contravenciones,115342,,,,,288.70319,,,
2008,31,Suicidios (consumados),3127,3130,0,4,3126,8.5876913,8.5959301,0,.021402759
2008,4,Homicidios culposos por otros hechos,617,641,427,131,83,1.5443625,1.604435,2.1852248,.64179754
2008,5,Lesiones dolosas,146338,154360,73586,58955,21819,366.28674,386.36597,376.58536,288.83337
2008,6,Lesiones culposas en Accidentes Viales,105615,121598,71923,34013,15662,264.35632,304.36206,368.07477,166.63708
2008,7,Lesiones culposas por otros hechos,9801,10335,4586,2821,2928,24.532085,25.868698,23.469416,13.820693
2008,8,Otros delitos contra las personas,29335,30411,12389,11426,6596,73.426056,76.119301,63.402225,55.978462
2008,9,Delitos contra el honor,247,257,47,201,9,.6182456,.6432758,.24052826,.98474276
2009,1,Homicidios dolosos,2616,2645,1048,198,1399,6.4803905,6.5522299,5.3091521,.9598403
2009,10,Abusos sexuales con acceso carnal (violaciones),4386,4429,238,2130,2061,10.865058,10.971579,1.2057043,10.325555
2009,11,Otros delitos contra la integridad sexual,7615,7893,561,4323,1628,18.863981,19.552647,2.8420174,20.956512
2009,12,Delitos contra el estado civil,168,,,,,.41617188,,,
2009,13,Amenazas,141543,,,,,350.63223,,,
2009,14,Otros delitos contra la libertad,9576,9593,3,11,8500,23.721796,23.763908,.015197954,.053324461
2009,15,Robos (excluye los agravados por el resultado de lesiones y/o muertes),367975,,,,,911.55261,,,
2009,16,Tentativas de robo (excluye las agravadas por el res. de lesiones y/o muerte),15340,,,,,38.000454,,,
2009,17,Robos agravados por el resultado de lesiones y/o muertes ,8200,,,,,20.31315,,,
2009,18,Tentativas de robo agravado por el resultado de lesiones y/o muertes,567,,,,,1.40458,,,
2009,19,Hurtos,271860,,,,,673.45526,,,
2009,2,Homicidios dolosos en grado de tentativa,1232,1258,522,165,571,3.0519271,3.1163344,2.644444,.79986691
2009,20,Tentativas de hurto,6519,,,,,16.148954,,,
2009,21,Otros delitos contra la propiedad,91413,,,,,226.44951,,,
2009,22,Delitos contra la seguridad pública,21978,,,,,54.444199,,,
2009,23,Delitos contra el orden público,1404,,,,,3.4780078,,,
2009,24,Delitos contra la seguridad de la nación,41,,,,,.10156576,,,
2009,25,Delitos contra los poderes públicos y el orden constitucional,164,,,,,.40626302,,,
2009,26,Delitos contra la administración pública,23537,,,,,58.306175,,,
2009,27,Delitos contra la fe pública,4198,,,,,10.399343,,,
2009,28,Ley 23.737 (estupefacientes),38996,,,,,96.601418,,,
2009,29,Otros delitos previstos en leyes especiales,29270,,,,,72.508041,,,
2009,3,Muertes en accidentes viales,3483,3824,2023,568,1233,8.6281347,9.4728642,10.248487,2.7534811
2009,30,Contravenciones,99126,,,,,245.55626,,,
2009,31,Suicidios (consumados),3069,3087,112,42,1974,8.3368311,8.3857269,.62529135,.22221188
2009,4,Homicidios culposos por otros hechos,937,990,347,152,208,2.3211491,2.4524415,1.7578967,.7368471
2009,5,Lesiones dolosas,151408,156621,48801,38760,69060,375.06995,387.98364,247.22511,187.89601
2009,6,Lesiones culposas en Accidentes Viales,99233,115188,46978,22212,10485,245.82132,285.34528,237.98982,107.67663
2009,7,Lesiones culposas por otros hechos,17621,18167,2545,1455,10624,43.650978,45.003536,12.892931,7.0533719
2009,8,Otros delitos contra las personas,29097,29715,11141,12256,6318,72.079483,73.610397,56.440136,59.413143
2009,9,Delitos contra el honor,340,352,24,105,102,.84225255,.87197912,.12158363,.5090062
2010,1,Homicidios dolosos,2345,2383,959,200,1224,5.749176,5.8423395,4.8092585,.95933616
2010,10,Abusos sexuales con acceso carnal (violaciones),4278,4330,269,2244,1817,10.488262,10.615749,1.3489995,10.763752
2010,11,Otros delitos contra la integridad sexual,8039,8468,617,4457,1711,19.709009,20.760778,3.0941737,21.378807
2010,12,Delitos contra el estado civil,119,,,,,.29174924,,,
2010,13,Amenazas,140877,,,,,345.38452,,,
2010,14,Otros delitos contra la libertad,10415,10435,0,12,9318,25.534187,25.583221,0,.057560172
2010,15,Robos (excluye los agravados por el resultado de lesiones y/o muertes),372723,,,,,913.79541,,,
2010,16,Tentativas de robo (excluye las agravadas por el res. de lesiones y/o muerte),15946,,,,,39.094398,,,
2010,17,Robos agravados por el resultado de lesiones y/o muertes ,6918,,,,,16.960682,,,
2010,18,Tentativas de robo agravado por el resultado de lesiones y/o muertes,509,,,,,1.2479022,,,
2010,19,Hurtos,266043,,,,,652.25079,,,
2010,2,Homicidios dolosos en grado de tentativa,1201,1247,418,197,632,2.9444609,3.0572379,2.0962148,.94494617
2010,20,Tentativas de hurto,6684,,,,,16.386992,,,
2010,21,Otros delitos contra la propiedad,91575,,,,,224.51207,,,
2010,22,Delitos contra la seguridad pública,22044,,,,,54.044708,,,
2010,23,Delitos contra el orden público,1249,,,,,3.0621412,,,
2010,24,Delitos contra la seguridad de la nación,33,,,,,.080905251,,,
2010,25,Delitos contra los poderes públicos y el orden constitucional,157,,,,,.38491285,,,
2010,26,Delitos contra la administración pública,23866,,,,,58.511658,,,
2010,27,Delitos contra la fe pública,4446,,,,,10.900144,,,
2010,28,Ley 23.737 (estupefacientes),39730,,,,,97.405022,,,
2010,29,Otros delitos previstos en leyes especiales,29502,,,,,72.329292,,,
2010,3,Muertes en accidentes viales,3571,3980,2236,617,1127,8.7549286,9.7576637,11.213245,2.959552
2010,30,Contravenciones,97594,,,,,239.26869,,,
2010,31,Suicidios (consumados),3068,3093,104,33,2000,8.2435637,8.3107376,.57452428,.17263947
2010,4,Homicidios culposos por otros hechos,706,754,217,51,140,1.730882,1.8485624,1.0882263,.24463072
2010,5,Lesiones dolosas,148376,154692,47940,38274,68478,363.76962,379.25439,240.41278,183.58817
2010,6,Lesiones culposas en Accidentes Viales,95876,112648,47192,22918,8329,235.05672,276.17621,236.66165,109.93034
2010,7,Lesiones culposas por otros hechos,19499,20244,2330,1624,11194,47.805195,49.631695,11.684643,7.7898097
2010,8,Otros delitos contra las personas,30098,30631,12681,12632,5318,73.790489,75.097237,63.593544,60.591675
2010,9,Delitos contra el honor,236,244,22,80,34,.5785951,.59820855,.11032709,.38373446
2011,1,Homicidios dolosos,2471,2516,1049,212,1255,5.9886351,6.0976954,5.1980124,1.0056592
2011,10,Abusos sexuales con acceso carnal (violaciones),4224,4299,255,1992,2052,10.237148,10.418916,1.2635778,9.4494019
2011,11,Otros delitos contra la integridad sexual,8466,9003,640,4545,1830,20.517921,21.819376,3.1713326,21.560007
2011,12,Delitos contra el estado civil,88,,,,,.21327393,,,
2011,13,Amenazas,157264,,,,,381.13989,,,
2011,14,Otros delitos contra la libertad,10910,10928,0,0,9802,26.44112,26.484743,0,0
2011,15,Robos (excluye los agravados por el resultado de lesiones y/o muertes),392641,,,,,951.59192,,,
2011,16,Tentativas de robo (excluye las agravadas por el res. de lesiones y/o muerte),15779,,,,,38.24147,,,
2011,17,Robos agravados por el resultado de lesiones y/o muertes ,6475,,,,,15.692598,,,
2011,18,Tentativas de robo agravado por el resultado de lesiones y/o muertes,556,,,,,1.3475034,,,
2011,19,Hurtos,263701,,,,,639.09711,,,
2011,2,Homicidios dolosos en grado de tentativa,1407,1499,536,215,748,3.4099593,3.6329274,2.6559911,1.0198903
2011,20,Tentativas de hurto,6328,,,,,15.336334,,,
2011,21,Otros delitos contra la propiedad,93217,,,,,225.91768,,,
2011,22,Delitos contra la seguridad pública,24276,,,,,58.834522,,,
2011,23,Delitos contra el orden público,1271,,,,,3.0803542,,,
2011,24,Delitos contra la seguridad de la nación,45,,,,,.10906053,,,
2011,25,Delitos contra los poderes públicos y el orden constitucional,152,,,,,.36838225,,,
2011,26,Delitos contra la administración pública,24492,,,,,59.358013,,,
2011,27,Delitos contra la fe pública,4107,,,,,9.9535913,,,
2011,28,Ley 23.737 (estupefacientes),39176,,,,,94.945671,,,
2011,29,Otros delitos previstos en leyes especiales,33725,,,,,81.73481,,,
2011,3,Muertes en accidentes viales,3793,4163,2338,641,1184,9.1925907,10.089311,11.585275,3.0406961
2011,30,Contravenciones,91448,,,,,221.63039,,,
2011,31,Suicidios (consumados),3103,3126,99,24,2097,8.2442122,8.3053198,.54054046,.12420093
2011,4,Homicidios culposos por otros hechos,938,1026,331,118,167,2.2733061,2.4865801,1.6401736,.55975372
2011,5,Lesiones dolosas,165148,171561,46447,38763,86351,400.24731,415.78964,230.15451,183.8791
2011,6,Lesiones culposas en Accidentes Viales,95111,112757,47691,23201,8953,230.50792,273.27417,236.31879,110.05802
2011,7,Lesiones culposas por otros hechos,24185,25299,3510,2223,12924,58.613976,61.313831,17.392776,10.545191
2011,8,Otros delitos contra las personas,32740,33239,14912,12369,5958,79.347595,80.556953,73.892052,58.674526
2011,9,Delitos contra el honor,312,319,34,127,64,.75615299,.77311796,.16847704,.60244679
2012,1,Homicidios dolosos,2628,2656,917,160,1579,6.2971339,6.3642268,4.4906096,.75071973
2012,10,Abusos sexuales con acceso carnal (violaciones),4314,4430,241,1944,2214,10.337076,10.615032,1.1801928,9.1212454
2012,11,Otros delitos contra la integridad sexual,8506,8873,585,4170,1849,20.381819,21.261213,2.8647835,19.565634
2012,12,Delitos contra el estado civil,96,,,,,.23003229,,,
2012,13,Amenazas,171952,,,,,412.02618,,,
2012,14,Otros delitos contra la libertad,10616,10597,0,0,9146,25.437738,25.39221,0,0
2012,15,Robos (excluye los agravados por el resultado de lesiones y/o muertes),419171,,,,,1004.4048,,,
2012,16,Tentativas de robo (excluye las agravadas por el res. de lesiones y/o muerte),17029,,,,,40.804375,,,
2012,17,Robos agravados por el resultado de lesiones y/o muertes ,6616,,,,,15.853059,,,
2012,18,Tentativas de robo agravado por el resultado de lesiones y/o muertes,738,,,,,1.7683733,,,
2012,19,Hurtos,273490,,,,,655.32843,,,
2012,2,Homicidios dolosos en grado de tentativa,1496,1561,586,219,749,3.5846698,3.7404208,2.8696806,1.0275477
2012,20,Tentativas de hurto,6577,,,,,15.759608,,,
2012,21,Otros delitos contra la propiedad,95477,,,,,228.7791,,,
2012,22,Delitos contra la seguridad pública,25392,,,,,60.84354,,,
2012,23,Delitos contra el orden público,5001,,,,,11.983245,,,
2012,24,Delitos contra la seguridad de la nación,442,,,,,1.0591071,,,
2012,25,Delitos contra los poderes públicos y el orden constitucional,119,,,,,.28514421,,,
2012,26,Delitos contra la administración pública,27595,,,,,66.122307,,,
2012,27,Delitos contra la fe pública,7706,,,,,18.464884,,,
2012,28,Ley 23.737 (estupefacientes),36179,,,,,86.691025,,,
2012,29,Otros delitos previstos en leyes especiales,29655,,,,,71.058411,,,
2012,3,Muertes en accidentes viales,3502,4076,2172,638,1036,8.391386,9.7667875,10.636427,2.993495
2012,30,Contravenciones,109532,,,,,262.45728,,,
2012,31,Suicidios (consumados),3018,3067,96,21,1834,7.9291139,8.0578508,.51808602,.10751302
2012,4,Homicidios culposos por otros hechos,1111,1191,326,179,187,2.6621447,2.8538382,1.5964435,.83986771
2012,5,Lesiones dolosas,165530,171662,44779,37883,89000,396.63797,411.3313,219.28571,177.74698
2012,6,Lesiones culposas en Accidentes Viales,89736,106256,42205,19689,8662,215.02269,254.60741,206.68066,92.38076
2012,7,Lesiones culposas por otros hechos,26360,27664,3917,2248,13064,63.163033,66.287636,19.181807,10.547612
2012,8,Otros delitos contra las personas,35970,30792,11032,11206,8051,86.190224,73.78286,54.024429,52.578533
2012,9,Delitos contra el honor,442,433,43,136,69,1.0591071,1.0375415,.21057384,.63811177
2013,1,Homicidios dolosos,3125,3173,1070,181,1922,7.4046984,7.5184345,5.1793313,.84014511
2013,10,Abusos sexuales con acceso carnal (violaciones),4279,4504,254,2077,1853,10.139105,10.672243,1.2294861,9.6407804
2013,11,Otros delitos contra la integridad sexual,9551,10208,599,4665,1615,22.631128,24.187891,2.8994575,21.653463
2013,12,Delitos contra el estado civil,112,,,,,.26538438,,,
2013,13,Amenazas,181085,,,,,429.08154,,,
2013,14,Otros delitos contra la libertad,9586,9689,311,351,7769,22.71406,22.958118,1.5053945,1.6292316
2013,15,Robos (excluye los agravados por el resultado de lesiones y/o muertes),426600,,,,,1010.8302,,,
2013,16,Tentativas de robo (excluye las agravadas por el res. de lesiones y/o muerte),17786,,,,,42.14399,,,
2013,17,Robos agravados por el resultado de lesiones y/o muertes ,7206,,,,,17.074642,,,
2013,18,Tentativas de robo agravado por el resultado de lesiones y/o muertes,645,,,,,1.5283297,,,
2013,19,Hurtos,270312,,,,,640.50519,,,
2013,2,Homicidios dolosos en grado de tentativa,1590,1658,636,187,823,3.7675104,3.9286368,3.0785558,.8679952
2013,20,Tentativas de hurto,6201,,,,,14.693291,,,
2013,21,Otros delitos contra la propiedad,98100,,,,,232.44829,,,
2013,22,Delitos contra la seguridad pública,27212,,,,,64.478928,,,
2013,23,Delitos contra el orden público,6870,,,,,16.278488,,,
2013,24,Delitos contra la seguridad de la nación,88,,,,,.2085163,,,
2013,25,Delitos contra los poderes públicos y el orden constitucional,192,,,,,.45494467,,,
2013,26,Delitos contra la administración pública,30417,,,,,72.073189,,,
2013,27,Delitos contra la fe pública,7169,,,,,16.986971,,,
2013,28,Ley 23.737 (estupefacientes),35557,,,,,84.252434,,,
2013,29,Otros delitos previstos en leyes especiales,34633,,,,,82.063011,,,
2013,3,Muertes en accidentes viales,3957,4633,2398,724,1086,9.3761253,10.977909,11.607511,3.3605804
2013,30,Contravenciones,103947,,,,,246.30278,,,
2013,31,Suicidios (consumados),2998,3060,278,85,1393,7.7889705,7.9500499,1.4828837,.43053085
2013,4,Homicidios culposos por otros hechos,920,1009,167,78,193,2.1799431,2.3908291,.80836296,.36205149
2013,5,Lesiones dolosas,161403,167288,42771,46508,78009,382.44498,396.3895,207.03288,215.87552
2013,6,Lesiones culposas en Accidentes Viales,85777,102165,39930,19974,5184,203.2489,242.08032,193.28104,92.713028
2013,7,Lesiones culposas por otros hechos,28235,29929,3824,2259,13252,66.902931,70.91687,18.510059,10.485568
2013,8,Otros delitos contra las personas,40909,38746,5086,3566,8954,96.934013,91.808777,24.618767,16.55225
2013,9,Delitos contra el honor,602,609,54,147,69,1.4264411,1.4430276,.26138681,.68232775
2014,1,Homicidios dolosos,3202,3253,2709,375,169,7.504189,7.6237125,12.964078,1.7222931
2014,10,Abusos sexuales con acceso carnal (violaciones),3748,3943,407,2822,714,8.7837915,9.2407923,1.9477223,12.96083
2014,11,Otros delitos contra la integridad sexual,9498,10382,1174,6917,2291,22.259459,24.331196,5.6182456,31.76827
2014,12,Delitos contra el estado civil,212,,,,,.496842,,,
2014,13,Amenazas,184844,,,,,433.19937,,,
2014,14,Otros delitos contra la libertad,10530,10588,571,791,9226,24.678049,24.813976,2.732554,3.6328902
2014,15,Robos (excluye los agravados por el resultado de lesiones y/o muertes),448317,,,,,1050.6732,,,
2014,16,Tentativas de robo (excluye las agravadas por el res. de lesiones y/o muerte),29380,,,,,68.854805,,,
2014,17,Robos agravados por el resultado de lesiones y/o muertes ,8703,,,,,20.396301,,,
2014,18,Tentativas de robo agravado por el resultado de lesiones y/o muertes,1412,,,,,3.3091552,,,
2014,19,Hurtos,278394,,,,,652.44263,,,
2014,2,Homicidios dolosos en grado de tentativa,1776,1925,1402,303,220,4.1622238,4.5114193,6.709353,1.3916129
2014,20,Tentativas de hurto,11438,,,,,26.806032,,,
2014,21,Otros delitos contra la propiedad,104841,,,,,245.70477,,,
2014,22,Delitos contra la seguridad pública,7971,,,,,18.68079,,,
2014,23,Delitos contra el orden público,15185,,,,,35.587479,,,
2014,24,Delitos contra la seguridad de la nación,93,,,,,.21795428,,,
2014,25,Delitos contra los poderes públicos y el orden constitucional,585,,,,,1.3710027,,,
2014,26,Delitos contra la administración pública,28374,,,,,66.497147,,,
2014,27,Delitos contra la fe pública,6820,,,,,15.983314,,,
2014,28,Ley 23.737 (estupefacientes),30796,,,,,72.173332,,,
2014,29,Otros delitos previstos en leyes especiales,35104,,,,,82.269539,,,
2014,3,Muertes en accidentes viales,3627,4635,3131,998,506,8.5002165,10.86256,14.983583,4.5835962
2014,30,Contravenciones,110581,,,,,259.15701,,,
2014,31,Suicidios (consumados),3242,3296,1051,315,1930,8.3290081,8.4677401,5.5408297,1.5784787
2014,4,Homicidios culposos por otros hechos,1496,1587,917,398,272,3.5060172,3.7192843,4.3883572,1.8279271
2014,5,Lesiones dolosas,170921,184038,68857,83791,31390,400.56949,431.31042,329.5192,384.83377
2014,6,Lesiones culposas en Accidentes Viales,79478,94717,58761,27274,8682,186.26419,221.97823,281.20419,125.26353
2014,7,Lesiones culposas por otros hechos,27475,29367,11483,5650,12234,64.390259,68.824333,54.952568,25.949217
2014,8,Otros delitos contra las personas,49548,50901,17544,24601,8756,116.12041,119.2913,83.95784,112.98702
2014,9,Delitos contra el honor,846,863,334,314,215,1.9826808,2.022522,1.5983765,1.4421334
2015,1,Homicidios dolosos,2761,2846,2337,377,132,6.4012847,6.5983543,11.0594,1.7135881
2015,10,Abusos sexuales con acceso carnal (violaciones),3418,3666,397,2571,698,7.9245172,8.4994965,1.8787255,11.686034
2015,11,Otros delitos contra la integridad sexual,12313,13236,1457,8450,3329,28.547274,30.687218,6.8949699,38.408009
2015,12,Delitos contra el estado civil,144,,,,,.33385912,,,
2015,13,Amenazas,187094,,,,,433.77109,,,
2015,14,Otros delitos contra la libertad,10604,10663,1310,1596,7757,24.585014,24.721804,6.1993213,7.2543411
2015,15,Robos (excluye los agravados por el resultado de lesiones y/o muertes),419305,,,,,972.14441,,,
2015,16,Tentativas de robo (excluye las agravadas por el res. de lesiones y/o muerte),28406,,,,,65.858345,,,
2015,17,Robos agravados por el resultado de lesiones y/o muertes ,8175,,,,,18.953461,,,
2015,18,Tentativas de robo agravado por el resultado de lesiones y/o muertes,1054,,,,,2.4436634,,,
2015,19,Hurtos,260471,,,,,603.89319,,,
2015,2,Homicidios dolosos en grado de tentativa,1597,1724,1158,282,284,3.7025902,3.9970355,5.4800105,1.281782
2015,20,Tentativas de hurto,9472,,,,,21.96051,,,
2015,21,Otros delitos contra la propiedad,104360,,,,,241.95512,,,
2015,22,Delitos contra la seguridad pública,8028,,,,,18.612646,,,
2015,23,Delitos contra el orden público,12187,,,,,28.255146,,,
2015,24,Delitos contra la seguridad de la nación,230,,,,,.53324717,,,
2015,25,Delitos contra los poderes públicos y el orden constitucional,389,,,,,.9018833,,,
2015,26,Delitos contra la administración pública,32791,,,,,76.024818,,,
2015,27,Delitos contra la fe pública,6766,,,,,15.686742,,,
2015,28,Ley 23.737 (estupefacientes),31447,,,,,72.908806,,,
2015,29,Otros delitos previstos en leyes especiales,35282,,,,,81.800117,,,
2015,3,Muertes en accidentes viales,3641,4330,2753,853,724,8.441535,10.038959,13.028039,3.8771634
2015,30,Contravenciones,93633,,,,,217.08493,,,
2015,31,Suicidios (consumados),2915,2953,1189,304,1460,7.4046359,7.501163,6.1945028,1.5069803
2015,4,Homicidios culposos por otros hechos,967,1081,577,224,280,2.2419567,2.5062618,2.7305408,1.0181531
2015,5,Lesiones dolosas,171324,179769,61327,77391,41051,397.20889,416.78833,290.21814,351.76736
2015,6,Lesiones culposas en Accidentes Viales,84033,97260,56832,28065,12363,194.82767,225.494,268.94644,127.56459
2015,7,Lesiones culposas por otros hechos,24807,25887,9012,5020,11855,57.514187,60.018131,42.647545,22.817539
2015,8,Otros delitos contra las personas,44803,45812,15645,20753,9414,103.87424,106.21357,74.036934,94.329163
2015,9,Delitos contra el honor,413,431,140,182,109,.9575265,.99925888,.66252285,.82724941
2016,1,Homicidios dolosos,2607,2628,2156,347,125,5.980679,6.0288548,10.091521,1.5612417
2016,10,Abusos sexuales con acceso carnal (violaciones),3677,3787,383,2791,613,8.4353495,8.6876993,1.792696,12.557423
2016,11,Otros delitos contra la integridad sexual,8981,9326,927,5925,2474,20.603176,21.394634,4.3389797,26.658091
2016,12,Delitos contra el estado civil,100,,,,,.22940847,,,
2016,13,Amenazas,168109,,,,,385.65631,,,
2016,14,Otros delitos contra la libertad,12260,12447,2244,1988,8215,28.125479,28.554474,10.50342,8.944521
2016,15,Robos (excluye los agravados por el resultado de lesiones y/o muertes),420589,,,,,964.86682,,,
2016,16,Tentativas de robo (excluye las agravadas por el res. de lesiones y/o muerte),30095,,,,,69.040482,,,
2016,17,Robos agravados por el resultado de lesiones y/o muertes ,9254,,,,,21.22946,,,
2016,18,Tentativas de robo agravado por el resultado de lesiones y/o muertes,992,,,,,2.275732,,,
2016,19,Hurtos,265889,,,,,609.97192,,,
2016,2,Homicidios dolosos en grado de tentativa,1659,1777,1334,298,145,3.8058867,4.0765886,6.2440119,1.3407782
2016,20,Tentativas de hurto,10333,,,,,23.704779,,,
2016,21,Otros delitos contra la propiedad,101189,,,,,232.13614,,,
2016,22,Delitos contra la seguridad pública,15711,,,,,36.042366,,,
2016,23,Delitos contra el orden público,9160,,,,,21.013817,,,
2016,24,Delitos contra la seguridad de la nación,80,,,,,.18352678,,,
2016,25,Delitos contra los poderes públicos y el orden constitucional,421,,,,,.9658097,,,
2016,26,Delitos contra la administración pública,37305,,,,,85.580833,,,
2016,27,Delitos contra la fe pública,6972,,,,,15.994359,,,
2016,28,Ley 23.737 (estupefacientes),35256,,,,,80.880257,,,
2016,29,Otros delitos previstos en leyes especiales,34504,,,,,79.155098,,,
2016,29_1,Ley de residuos peligrosos,0,,,,,0,,,
2016,29_2,Ley de fauna,7,,,,,.016058594,,,
2016,29_3,Delitos migratorios,2,,,,,.0045881695,,,
2016,29_4,Obstrucción del código aduanero,25,,,,,.057352118,,,
2016,29_5,Contrabando simple,72,,,,,.16517411,,,
2016,29_6,Contrabando agravado,2,,,,,.0045881695,,,
2016,29_7,Contrabando de elementos nucleares agresivos químicos armas y municiones,0,,,,,0,,,
2016,29_8,Otros delitos previstos en leyes especiales n.c.p,1256,,,,,2.8813705,,,
2016,3,Muertes en accidentes viales,3919,4302,3087,895,320,8.9905186,9.869153,14.449224,4.026834
2016,30,Contravenciones,102938,,,,,236.1485,,,
2016,31,Suicidios (consumados),3002,2897,1426,367,1104,7.5365291,7.2729263,7.3387475,1.798883
2016,32,Delitos contra el orden económico y financiero,132,,,,,.30281919,,,
2016,4,Homicidios culposos por otros hechos,582,599,294,129,176,1.3351574,1.3741568,1.3761165,.58040398
2016,5,Lesiones dolosas,141311,147343,59695,62689,24959,324.17941,338.01733,279.41251,282.05383
2016,6,Lesiones culposas en Accidentes Viales,94016,106556,64255,31828,10473,215.68068,244.4485,300.75635,143.20232
2016,7,Lesiones culposas por otros hechos,15483,15926,3890,2755,9281,35.519314,36.535595,18.2078,12.39545
2016,8,Otros delitos contra las personas,54877,55836,17664,28753,9419,125.89249,128.09251,82.679329,129.3671
2016,9,Delitos contra el honor,466,473,95,246,132,1.0690435,1.0851021,.44466349,1.1068169
2017,1,Homicidios dolosos,2224,2313,1908,405,0,5.0494032,5.2514701,8.835124,1.8040742
2017,10,Abusos sexuales con acceso carnal (violaciones),3755,3919,385,2875,659,8.5254087,8.8977566,1.7827686,12.8067
2017,11,Otros delitos contra la integridad sexual,11035,11631,1170,7536,2925,25.054029,26.407196,5.4177647,33.569141
2017,12,Delitos contra el estado civil,79,,,,,.17936279,,,
2017,13,Amenazas,178598,,,,,405.49158,,,
2017,14,Otros delitos contra la libertad,11623,12481,3872,4153,4456,26.389034,28.337049,17.92956,18.499556
2017,14_1,Trata de personas simple,173,329,74,186,69,.39278179,.74696654,.34266204,.82853776
2017,14_2,Trata de personas agravado,17,26,7,8,11,.038597055,.05903079,.032413974,.035636034
2017,14_3,Otros delitos contra la libertad,11433,12126,3791,3959,4376,25.957655,27.531052,17.554483,17.635382
2017,15,Robos (excluye los agravados por el resultado de lesiones y/o muertes),393367,,,,,893.10632,,,
2017,16,Tentativas de robo (excluye las agravadas por el res. de lesiones y/o muerte),29100,,,,,66.069077,,,
2017,17,Robos agravados por el resultado de lesiones y/o muertes,9535,,,,,21.648407,,,
2017,18,Tentativas de robo agravado por el resultado de lesiones y/o muertes,1168,,,,,2.6518447,,,
2017,19,Hurtos,252807,,,,,573.97681,,,
2017,2,Homicidios dolosos en grado de tentativa,1588,1808,1306,337,165,3.6054189,4.1049104,6.0475216,1.5011679
2017,20,Tentativas de hurto,10214,,,,,23.19002,,,
2017,21,Otros delitos contra la propiedad,104043,,,,,236.22079,,,
2017,22,Delitos contra la seguridad pública,29115,,,,,66.103134,,,
2017,22_1,Fabricación adquisición transferencia y tenencia de explosivos y otros materiales peligrosos,123,,,,,.27926105,,,
2017,22_2,Tenencia ilegal de armas de fuego,3243,,,,,7.362956,,,
2017,22_3,Portación ilegal de armas de fuego,1693,,,,,3.8438127,,,
2017,22_4,Acopio y fabricación ilegal de armas piezas y municiones,73,,,,,.1657403,,,
2017,22_5,Entrega y comercialización ilegal de armas de fuego,3,,,,,.0068112449,,,
2017,22_6,Omisión adulteración y supresión de marcaje,85,,,,,.19298528,,,
2017,22_7,Otros delitos contra la seguridad pública,23895,,,,,54.251568,,,
2017,23,Delitos contra el orden público,9109,,,,,20.68121,,,
2017,24,Delitos contra la seguridad de la nación,45,,,,,.10216867,,,
2017,25,Delitos contra los poderes públicos y el orden constitucional,628,,,,,1.4258206,,,
2017,26,Delitos contra la administración pública,44104,,,,,100.13438,,,
2017,27,Delitos contra la fe pública,9492,,,,,21.550779,,,
2017,28,Ley 23.737 (estupefacientes),47358,,,,,107.52232,,,
2017,28_1,Siembra y producción de estupefacientes,273,,,,,.61982328,,,
2017,28_10,Otros delitos previstos en la ley 23.737,11271,,,,,25.589848,,,
2017,28_2,Comercialización y entrega de estupefacientes,4513,,,,,10.246383,,,
2017,28_3,Tenencia o entrega atenuada de estupefacientes,263,,,,,.59711915,,,
2017,28_4,Desvío de Importación de estupefacientes,45,,,,,.10216867,,,
2017,28_5,Organización y financiación de estupefacientes,97,,,,,.22023025,,,
2017,28_6,Tenencia simple de estupefacientes,7965,,,,,18.083855,,,
2017,28_7,Tenencia simple atenuada para uso personal de estupefacientes,21530,,,,,48.882034,,,
2017,28_8,Confabulación de estupefacientes,86,,,,,.1952557,,,
2017,28_9,Contrabando de estupefacientes,1315,,,,,2.9855957,,,
2017,29,Delitos previstos en otras leyes,38945,,,,,88.42131,,,
2017,29_1,Ley de residuos peligrosos,53,,,,,.120332,,,
2017,29_2,Ley de fauna,756,,,,,1.7164338,,,
2017,29_3,Delitos migratorios,218,,,,,.49495047,,,
2017,29_4,Obstrucción del código aduanero,482,,,,,1.0943401,,,
2017,29_5,Contrabando Simple,6825,,,,,15.495583,,,
2017,29_6,Contrabando Agravado,300,,,,,.68112451,,,
2017,29_7,Contrabando de elementos nucleares agresivos químicos armas y municiones,4,,,,,.0090816598,,,
2017,29_8,Otros delitos previstos en leyes especiales,30307,,,,,68.809471,,,
2017,3,Muertes en accidentes viales,4193,4730,3671,1039,20,9.5198498,10.739063,16.998816,4.6282296
2017,30,Contravenciones,161897,,,,,367.57336,,,
2017,31,Suicidios (consumados),3299,3304,2567,723,14,8.186924,8.1993322,13.052469,3.5047429
2017,32,Delitos contra el orden económico y financiero,771,,,,,1.75049,,,
2017,4,Homicidios culposos por otros hechos,593,694,343,134,217,1.3463562,1.575668,1.5882849,.59690356
2017,5,Lesiones dolosas,142111,159792,66566,75712,17514,322.65094,362.79416,308.23837,337.2594
2017,6,Lesiones culposas en Accidentes Viales,97709,112818,70743,35176,6899,221.83998,256.14368,327.58026,156.69164
2017,7,Lesiones culposas por otros hechos,17861,18265,4241,3546,10478,40.551884,41.469131,19.638239,15.795671
2017,8,Otros delitos contra las personas,52759,53630,16423,29628,7579,119.78483,121.76236,76.047821,131.97804
2017,9,Delitos contra el honor,449,460,82,165,213,1.0194163,1.0443909,.37970656,.73499316
2018,1,Homicidios dolosos,2282,2384,1988,396,0,5.1287236,5.3579655,9.1090822,1.746792
2018,10,Abusos sexuales con acceso carnal (violaciones),4204,4282,399,3367,516,9.4483585,9.623661,1.8282313,14.852142
2018,11,Otros delitos contra la integridad sexual,12858,13279,1392,8371,3516,28.897953,29.844137,6.3781905,36.92524
2018,12,Delitos contra el estado civil,178,,,,,.40004942,,,
2018,13,Amenazas,176661,,,,,397.04007,,,
2018,14,Otros delitos contra la libertad,11361,12138,3855,5051,3232,25.533491,27.279776,17.663738,22.280418
2018,14_1,Trata de personas simple,172,221,69,108,44,.38656461,.49669057,.31616029,.47639778
2018,14_2,Trata de personas agravado,23,30,4,10,16,.051691778,.067424059,.018328134,.044110905
2018,14_3,Otros delitos contra la libertad,11166,11887,3782,4933,3172,25.095236,26.71566,17.32925,21.759911
2018,15,Robos (excluye los agravados por el resultado de lesiones y/o muertes),415256,,,,,933.27484,,,
2018,16,Tentativas de robo (excluye las agravadas por el res. de lesiones y/o muerte),29011,,,,,65.201317,,,
2018,17,Robos agravados por el resultado de lesiones y/o muertes,8821,,,,,19.824921,,,
2018,18,Tentativas de robo agravado por el resultado de lesiones y/o muertes,1310,,,,,2.9441841,,,
2018,19,Hurtos,276745,,,,,621.97571,,,
2018,2,Homicidios dolosos en grado de tentativa,1512,1698,1253,331,114,3.3981726,3.8162019,5.7412877,1.4600711
2018,20,Tentativas de hurto,11832,,,,,26.592049,,,
2018,21,Otros delitos contra la propiedad,109635,,,,,246.40123,,,
2018,22,Delitos contra la seguridad pública,31157,,,,,70.024384,,,
2018,22_1,Fabricación adquisición transferencia y tenencia de explosivos y otros materiales peligrosos,146,,,,,.32813042,,,
2018,22_2,Tenencia ilegal de armas de fuego,3163,,,,,7.1087437,,,
2018,22_3,Portación ilegal de armas de fuego,1873,,,,,4.2095089,,,
2018,22_4,Acopio y fabricación ilegal de armas piezas y municiones,46,,,,,.10338356,,,
2018,22_5,Entrega y comercialización ilegal de armas de fuego,4,,,,,.0089898752,,,
2018,22_6,Omisión adulteración y supresión de marcaje,178,,,,,.40004942,,,
2018,22_7,Otros delitos contra la seguridad pública,25747,,,,,57.865578,,,
2018,23,Delitos contra el orden público,7264,,,,,16.325613,,,
2018,24,Delitos contra la seguridad de la nación,86,,,,,.19328231,,,
2018,25,Delitos contra los poderes públicos y el orden constitucional,930,,,,,2.0901458,,,
2018,26,Delitos contra la administración pública,41892,,,,,94.150955,,,
2018,27,Delitos contra la fe pública,8901,,,,,20.004719,,,
2018,28,Ley 23.737 (estupefacientes),61502,,,,,138.22382,,,
2018,28_1,Siembra y producción de estupefacientes,222,,,,,.49893805,,,
2018,28_10,Otros delitos previstos en la ley 23.737,16664,,,,,37.451817,,,
2018,28_2,Comercialización y entrega de estupefacientes,5958,,,,,13.390418,,,
2018,28_3,Tenencia o entrega atenuada de estupefacientes,645,,,,,1.4496173,,,
2018,28_4,Desvío de Importación de estupefacientes,20,,,,,.044949375,,,
2018,28_5,Organización y financiación de estupefacientes,173,,,,,.38881209,,,
2018,28_6,Tenencia simple de estupefacientes,8110,,,,,18.226971,,,
2018,28_7,Tenencia simple atenuada para uso personal de estupefacientes,28688,,,,,64.47538,,,
2018,28_8,Confabulación de estupefacientes,123,,,,,.27643865,,,
2018,28_9,Contrabando de estupefacientes,899,,,,,2.0204744,,,
2018,29,Delitos previstos en otras leyes,40064,,,,,90.042587,,,
2018,29_1,Ley de residuos peligrosos,51,,,,,.1146209,,,
2018,29_2,Ley de fauna,787,,,,,1.7687578,,,
2018,29_3,Delitos migratorios,604,,,,,1.3574711,,,
2018,29_4,Obstrucción del código aduanero,332,,,,,.74615961,,,
2018,29_5,Contrabando Simple,5295,,,,,11.900347,,,
2018,29_6,Contrabando Agravado,170,,,,,.38206968,,,
2018,29_7,Contrabando de elementos nucleares agresivos químicos armas y municiones,6,,,,,.013484812,,,
2018,29_8,Otros delitos previstos en leyes especiales,32819,,,,,73.759674,,,
2018,3,Muertes en accidentes viales,4294,4803,3764,1022,17,9.650631,10.794592,17.246773,4.5081348
2018,30,Contravenciones,178813,,,,,401.87662,,,
2018,31,Suicidios (consumados),3902,3903,3122,780,1,9.5739861,9.5764399,15.687711,3.7400484
2018,32,Delitos contra el orden económico y financiero,239,,,,,.53714502,,,
2018,4,Homicidios culposos por otros hechos,536,631,348,135,148,1.2046432,1.4181527,1.5945476,.59549725
2018,5,Lesiones dolosas,136843,143329,59928,67843,15558,307.55035,322.12744,274.5921,299.26163
2018,6,Lesiones culposas en Accidentes Viales,95082,111129,69709,34703,6717,213.69382,249.75894,319.40897,153.07808
2018,7,Lesiones culposas por otros hechos,17463,17750,3901,3530,10319,39.247547,39.89257,17.874512,15.57115
2018,8,Otros delitos contra las personas,59316,61084,20335,36379,4370,133.31085,137.28438,93.175652,160.47107
2018,9,Delitos contra el honor,534,548,196,283,69,1.2001482,1.2316128,.89807856,1.2483387
2019,1,Homicidios dolosos,2239,2308,1896,408,4,4.9823413,5.1358838,8.5985098,1.7825639
2019,10,Abusos sexuales con acceso carnal (violaciones),5544,5627,600,4314,713,12.336802,12.521498,2.7210474,18.847992
2019,11,Otros delitos contra la integridad sexual,16461,17164,1782,11126,4256,36.629887,38.194241,8.0815105,48.609818
2019,12,Delitos contra el estado civil,121,,,,,.26925561,,,
2019,13,Amenazas,185685,,,,,413.19608,,,
2019,14,Otros delitos contra la libertad,12699,13637,4667,5175,3795,28.258488,30.345774,21.165215,22.609726
2019,14_1,Trata de personas simple,129,178,26,78,74,.28705764,.39609501,.11791205,.34078428
2019,14_2,Trata de personas agravado,18,25,0,16,9,.040054552,.055631325,0,.069904469
2019,14_3,Otros delitos contra la libertad,12552,13434,4641,5081,3712,27.931376,29.894047,21.047302,22.199038
2019,15,Robos (excluye los agravados por el resultado de lesiones y/o muertes),472655,,,,,1051.777,,,
2019,16,Tentativas de robo (excluye las agravadas por el res. de lesiones y/o muerte),28579,,,,,63.595505,,,
2019,17,Robos agravados por el resultado de lesiones y/o muertes,6960,,,,,15.487761,,,
2019,18,Tentativas de robo agravado por el resultado de lesiones y/o muertes,1423,,,,,3.1665349,,,
2019,19,Hurtos,334016,,,,,743.27008,,,
2019,2,Homicidios dolosos en grado de tentativa,1582,1802,1318,354,130,3.5203502,4.0099058,5.9772344,1.5466363
2019,20,Tentativas de hurto,13582,,,,,30.223385,,,
2019,21,Otros delitos contra la propiedad,125537,,,,,279.35156,,,
2019,22,Delitos contra la seguridad pública,33494,,,,,74.532623,,,
2019,22_1,Fabricación adquisición transferencia y tenencia de explosivos y otros materiales peligrosos,116,,,,,.25812933,,,
2019,22_2,Tenencia ilegal de armas de fuego,3055,,,,,6.7981477,,,
2019,22_3,Portación ilegal de armas de fuego,1739,,,,,3.8697147,,,
2019,22_4,Acopio y fabricación ilegal de armas piezas y municiones,63,,,,,.14019093,,,
2019,22_5,Entrega y comercialización ilegal de armas de fuego,6,,,,,.013351518,,,
2019,22_6,Omisión adulteración y supresión de marcaje,130,,,,,.28928289,,,
2019,22_7,Otros delitos contra la seguridad pública,28385,,,,,63.163803,,,
2019,23,Delitos contra el orden público,5376,,,,,11.962959,,,
2019,24,Delitos contra la seguridad de la nación,116,,,,,.25812933,,,
2019,25,Delitos contra los poderes públicos y el orden constitucional,1321,,,,,2.9395592,,,
2019,26,Delitos contra la administración pública,42224,,,,,93.959076,,,
2019,27,Delitos contra la fe pública,10919,,,,,24.297537,,,
2019,28,Ley 23.737 (estupefacientes),99777,,,,,222.02907,,,
2019,28_1,Siembra y producción de estupefacientes,848,,,,,1.8870145,,,
2019,28_10,Otros delitos previstos en la ley 23.737,22766,,,,,50.660107,,,
2019,28_2,Comercialización y entrega de estupefacientes,6634,,,,,14.762328,,,
2019,28_3,Tenencia o entrega atenuada de estupefacientes,1298,,,,,2.8883784,,,
2019,28_4,Desvío de Importación de estupefacientes,1475,,,,,3.282248,,,
2019,28_5,Organización y financiación de estupefacientes,208,,,,,.4628526,,,
2019,28_6,Tenencia simple de estupefacientes,12257,,,,,27.274925,,,
2019,28_7,Tenencia simple atenuada para uso personal de estupefacientes,53624,,,,,119.32697,,,
2019,28_8,Confabulación de estupefacientes,107,,,,,.23810206,,,
2019,28_9,Contrabando de estupefacientes,560,,,,,1.2461417,,,
2019,29,Delitos previstos en otras leyes,72618,,,,,161.59341,,,
2019,29_1,Ley de residuos peligrosos,95,,,,,.21139903,,,
2019,29_2,Ley de fauna,1621,,,,,3.6071351,,,
2019,29_3,Delitos migratorios,3739,,,,,8.3202209,,,
2019,29_4,Obstrucción del código aduanero,368,,,,,.81889307,,,
2019,29_5,Contrabando Simple,25805,,,,,57.422653,,,
2019,29_6,Contrabando Agravado,224,,,,,.49845666,,,
2019,29_7,Contrabando de elementos nucleares agresivos químicos armas y municiones,20,,,,,.04450506,,,
2019,29_8,Otros delitos previstos en leyes especiales,40746,,,,,90.670158,,,
2019,3,Muertes en accidentes viales,3671,4189,3285,897,7,8.1689034,9.3215847,14.897735,3.9190192
2019,30,Contravenciones,148812,,,,,331.14435,,,
2019,31,Suicidios (consumados),3647,3647,2893,721,33,8.849246,8.849246,14.369409,3.4203846
2019,32,Delitos contra el orden económico y financiero,353,,,,,.7855143,,,
2019,4,Homicidios culposos por otros hechos,435,550,329,126,95,.96798503,1.2238891,1.492041,.55049765
2019,5,Lesiones dolosas,145145,154209,64125,73335,16749,322.98434,343.15402,290.81195,320.40274
2019,6,Lesiones culposas en Accidentes Viales,92935,107344,67055,34845,5444,206.80388,238.86755,304.09973,152.23882
2019,7,Lesiones culposas por otros hechos,15766,16109,3073,3102,9934,35.083336,35.8466,13.936298,13.552729
2019,8,Otros delitos contra las personas,53582,55282,19235,31321,4726,119.23351,123.01643,87.232246,136.84236
2019,9,Delitos contra el honor,699,726,259,427,40,1.5554518,1.6155336,1.1745855,1.8655754
2020,1,Homicidios dolosos,2350,2419,2045,372,2,5.1788621,5.3309221,9.1814661,1.6101365
2020,10,Abusos sexuales con acceso carnal (violaciones),5710,5799,592,4564,643,12.583533,12.779669,2.6579108,19.754471
2020,11,Otros delitos contra la integridad sexual,21734,23999,2762,17522,3715,47.896763,52.888302,12.400591,75.840889
2020,12,Delitos contra el estado civil,60,,,,,.13222627,,,
2020,13,Amenazas,194471,,,,,428.56958,,,
2020,14,Otros delitos contra la libertad,12654,13526,4287,5203,4036,27.88652,29.808208,19.247406,22.520269
2020,14_1,Trata de personas simple,185,271,62,105,104,.40769765,.59722197,.27836227,.45447403
2020,14_2,Trata de personas agravado,126,129,6,5,118,.27767515,.28428647,.026938286,.02164162
2020,14_3,Otros delitos contra la libertad,12343,13126,4219,5093,3814,27.201147,28.926701,18.942104,22.044153
2020,15,Robos (excluye los agravados por el resultado de lesiones y/o muertes),336222,,,,,740.95636,,,
2020,16,Tentativas de robo (excluye las agravadas por el res. de lesiones y/o muerte),24912,,,,,54.900345,,,
2020,17,Robos agravados por el resultado de lesiones y/o muertes,4015,,,,,8.8481407,,,
2020,18,Tentativas de robo agravado por el resultado de lesiones y/o muertes,1322,,,,,2.9133854,,,
2020,19,Hurtos,231121,,,,,509.3378,,,
2020,2,Homicidios dolosos en grado de tentativa,1548,1755,1314,299,142,3.4114377,3.8676183,5.8994846,1.2941688
2020,20,Tentativas de hurto,11208,,,,,24.699867,,,
2020,21,Otros delitos contra la propiedad,124898,,,,,275.24661,,,
2020,22,Delitos contra la seguridad pública,101289,,,,,223.21777,,,
2020,22_1,Fabricación adquisición transferencia y tenencia de explosivos y otros materiales peligrosos,75,,,,,.16528283,,,
2020,22_2,Tenencia ilegal de armas de fuego,2928,,,,,6.452642,,,
2020,22_3,Portación ilegal de armas de fuego,1650,,,,,3.6362224,,,
2020,22_4,Acopio y fabricación ilegal de armas piezas y municiones,59,,,,,.1300225,,,
2020,22_5,Entrega y comercialización ilegal de armas de fuego,6,,,,,.013222626,,,
2020,22_6,Omisión adulteración y supresión de marcaje,116,,,,,.25563744,,,
2020,22_7,Otros delitos contra la seguridad pública,96455,,,,,212.56474,,,
2020,23,Delitos contra el orden público,4006,,,,,8.8283072,,,
2020,24,Delitos contra la seguridad de la nación,690,,,,,1.5206021,,,
2020,25,Delitos contra los poderes públicos y el orden constitucional,969,,,,,2.1354542,,,
2020,26,Delitos contra la administración pública,60453,,,,,133.22458,,,
2020,27,Delitos contra la fe pública,8975,,,,,19.778847,,,
2020,28,Ley 23.737 (estupefacientes),58973,,,,,129.963,,,
2020,28_1,Siembra y producción de estupefacientes,956,,,,,2.1068051,,,
2020,28_10,Otros delitos previstos en la ley 23.737,10497,,,,,23.132986,,,
2020,28_2,Comercialización y entrega de estupefacientes,5023,,,,,11.069542,,,
2020,28_3,Tenencia o entrega atenuada de estupefacientes,630,,,,,1.3883758,,,
2020,28_4,Desvío de Importación de estupefacientes,72,,,,,.15867153,,,
2020,28_5,Organización y financiación de estupefacientes,167,,,,,.36802977,,,
2020,28_6,Tenencia simple de estupefacientes,9239,,,,,20.360641,,,
2020,28_7,Tenencia simple atenuada para uso personal de estupefacientes,31939,,,,,70.386246,,,
2020,28_8,Confabulación de estupefacientes,68,,,,,.14985643,,,
2020,28_9,Contrabando de estupefacientes,382,,,,,.84184057,,,
2020,29,Delitos previstos en otras leyes,61460,,,,,135.44377,,,
2020,29_1,Ley de residuos peligrosos,18,,,,,.039667882,,,
2020,29_2,Ley de fauna,1170,,,,,2.5784123,,,
2020,29_3,Delitos migratorios,1899,,,,,4.1849613,,,
2020,29_4,Obstrucción del código aduanero,190,,,,,.41871652,,,
2020,29_5,Contrabando Simple,18884,,,,,41.616013,,,
2020,29_6,Contrabando Agravado,118,,,,,.26004499,,,
2020,29_7,Contrabando de elementos nucleares agresivos químicos armas y municiones,6,,,,,.013222626,,,
2020,29_8,Otros delitos previstos en leyes especiales,39175,,,,,86.332733,,,
2020,3,Muertes en accidentes viales,2746,2983,2416,512,55,6.0515556,6.5738492,10.84715,2.2161019
2020,30,Contravenciones,119532,,,,,263.42117,,,
2020,31,Suicidios (consumados),3261,3262,2611,643,8,7.8269434,7.8293433,12.822547,3.0186086
2020,32,Delitos contra el orden económico y financiero,326,,,,,.71842939,,,
2020,4,Homicidios culposos por otros hechos,491,580,338,153,89,1.0820516,1.2781873,1.5175234,.66223359
2020,5,Lesiones dolosas,136122,144747,57496,72184,15067,299.98172,318.98926,258.14063,312.43573
2020,6,Lesiones culposas en Accidentes Viales,62335,72666,48157,21776,2733,137.37207,160.13924,216.21117,94.253586
2020,7,Lesiones culposas por otros hechos,10396,10554,2389,1951,6214,22.910404,23.2586,10.725927,8.4445601
2020,8,Otros delitos contra las personas,50044,51487,17833,29466,4188,110.28552,113.46556,80.065079,127.53839
2020,9,Delitos contra el honor,768,788,332,399,57,1.6924962,1.7365717,1.4905852,1.7270013
2021,1,Homicidios dolosos,2021,2094,1786,308,0,4.4118214,4.5711794,7.9403124,1.3209853
2021,10,Abusos sexuales con acceso carnal (violaciones),6919,7051,642,5709,700,15.104102,15.392257,2.8542445,24.485407
2021,11,Otros delitos contra la integridad sexual,32099,35641,3781,25857,6003,70.07177,77.803917,16.809811,110.89843
2021,12,Delitos contra el estado civil,79,,,,,.17245615,,,
2021,13,Amenazas,218155,,,,,476.23001,,,
2021,14,Otros delitos contra la libertad,14009,15023,4465,6375,4183,30.581495,32.795048,19.85078,27.341824
2021,14_1,Trata de personas simple,175,246,51,76,119,.3820231,.53701532,.22673905,.32595742
2021,14_2,Trata de personas agravado,96,99,11,18,70,.20956697,.21611594,.048904501,.077200443
2021,14_3,Otros delitos contra la libertad,13738,14678,4403,6281,3994,29.989906,32.041916,19.575138,26.938665
2021,15,Robos (excluye los agravados por el resultado de lesiones y/o muertes),370467,,,,,808.72546,,,
2021,16,Tentativas de robo (excluye las agravadas por el res. de lesiones y/o muerte),24688,,,,,53.893639,,,
2021,17,Robos agravados por el resultado de lesiones y/o muertes,5373,,,,,11.729201,,,
2021,18,Tentativas de robo agravado por el resultado de lesiones y/o muertes,1477,,,,,3.2242751,,,
2021,19,Hurtos,271324,,,,,592.29736,,,
2021,2,Homicidios dolosos en grado de tentativa,1478,1678,1134,336,208,3.2264581,3.6630559,5.0416093,1.4410748
2021,20,Tentativas de hurto,11454,,,,,25.003958,,,
2021,21,Otros delitos contra la propiedad,160497,,,,,350.36322,,,
2021,22,Delitos contra la seguridad pública,49492,,,,,108.0405,,,
2021,22_1,Fabricación adquisición transferencia y tenencia de explosivos y otros materiales peligrosos,124,,,,,.27069065,,,
2021,22_2,Tenencia ilegal de armas de fuego,2810,,,,,6.1341996,,,
2021,22_3,Portación ilegal de armas de fuego,1426,,,,,3.1129427,,,
2021,22_4,Acopio y fabricación ilegal de armas piezas y municiones,57,,,,,.12443038,,,
2021,22_5,Entrega y comercialización ilegal de armas de fuego,10,,,,,.021829892,,,
2021,22_6,Omisión adulteración y supresión de marcaje,104,,,,,.22703087,,,
2021,22_7,Otros delitos contra la seguridad pública,44961,,,,,98.149376,,,
2021,23,Delitos contra el orden público,3528,,,,,7.7015858,,,
2021,24,Delitos contra la seguridad de la nación,112,,,,,.2444948,,,
2021,25,Delitos contra los poderes públicos y el orden constitucional,700,,,,,1.5280924,,,
2021,26,Delitos contra la administración pública,49605,,,,,108.28718,,,
2021,27,Delitos contra la fe pública,10596,,,,,23.130953,,,
2021,28,Ley 23.737 (estupefacientes),72043,,,,,157.26909,,,
2021,28_1,Siembra y producción de estupefacientes,1113,,,,,2.429667,,,
2021,28_10,Otros delitos previstos en la ley 23.737,10620,,,,,23.183346,,,
2021,28_2,Comercialización y entrega de estupefacientes,5505,,,,,12.017356,,,
2021,28_3,Tenencia o entrega atenuada de estupefacientes,880,,,,,1.9210305,,,
2021,28_4,Desvío de Importación de estupefacientes,10,,,,,.021829892,,,
2021,28_5,Organización y financiación de estupefacientes,206,,,,,.44969577,,,
2021,28_6,Tenencia simple de estupefacientes,8393,,,,,18.321829,,,
2021,28_7,Tenencia simple atenuada para uso personal de estupefacientes,44588,,,,,97.335121,,,
2021,28_8,Confabulación de estupefacientes,105,,,,,.22921386,,,
2021,28_9,Contrabando de estupefacientes,623,,,,,1.3600023,,,
2021,29,Delitos previstos en otras leyes,70887,,,,,154.74556,,,
2021,29_1,Ley de residuos peligrosos,54,,,,,.11788142,,,
2021,29_2,Ley de fauna,1649,,,,,3.5997491,,,
2021,29_3,Delitos migratorios,3970,,,,,8.6664667,,,
2021,29_4,Obstrucción del código aduanero,261,,,,,.5697602,,,
2021,29_5,Contrabando Simple,17056,,,,,37.233063,,,
2021,29_6,Contrabando Agravado,183,,,,,.39948702,,,
2021,29_7,Contrabando de elementos nucleares agresivos químicos armas y municiones,7,,,,,.015280925,,,
2021,29_8,Otros delitos previstos en leyes especiales,47707,,,,,104.14387,,,
2021,3,Muertes en accidentes viales,3444,3827,2754,730,343,7.5182147,8.3542995,12.243908,3.1309068
2021,30,Contravenciones,88850,,,,,193.95859,,,
2021,31,Suicidios (consumados),3648,3648,2882,754,12,8.6630392,8.6630392,13.997426,3.5036469
2021,32,Delitos contra el orden económico y financiero,671,,,,,1.4647857,,,
2021,4,Homicidios culposos por otros hechos,501,648,365,152,131,1.0936776,1.414577,1.6227401,.65191483
2021,5,Lesiones dolosas,156802,166098,59897,84953,21248,342.29706,362.59015,266.29388,364.35605
2021,6,Lesiones culposas en Accidentes Viales,80272,94606,59302,30659,4645,175.23291,206.52388,263.64859,131.49379
2021,7,Lesiones culposas por otros hechos,13532,13860,2779,2421,8660,29.540211,30.256229,12.355055,10.383459
2021,8,Otros delitos contra las personas,46549,47674,17148,26213,4313,101.61597,104.07183,76.237671,112.42529
2021,9,Delitos contra el honor,791,811,255,484,72,1.7267444,1.7704042,1.1336952,2.075834
2022,1,Homicidios dolosos,1888,1958,1613,345,0,4.0835013,4.2349024,7.1027613,1.466503
2022,10,Abusos sexuales con acceso carnal (violaciones),7063,7161,555,5610,996,15.276362,15.488323,2.4439135,23.846615
2022,11,Otros delitos contra la integridad sexual,32903,36753,3686,27209,5858,71.164963,79.49202,16.231108,115.6582
2022,12,Delitos contra el estado civil,160,,,,,.34605944,,,
2022,13,Amenazas,211707,,,,,457.89505,,,
2022,14,Otros delitos contra la libertad,14348,15331,4516,6677,4138,31.032881,33.158985,19.885969,28.382147
2022,14_1,Trata de personas simple,332,425,63,123,239,.71807337,.91922045,.27741721,.5228402
2022,14_2,Trata de personas agravado,83,90,8,7,75,.17951834,.19465844,.035227582,.029755134
2022,14_3,Otros delitos contra la libertad,13933,14816,4445,6547,3824,30.13529,32.045105,19.573326,27.829552
2022,15,Robos (excluye los agravados por el resultado de lesiones y/o muertes),396930,,,,,858.50861,,,
2022,16,Tentativas de robo (excluye las agravadas por el res. de lesiones y/o muerte),24661,,,,,53.338577,,,
2022,17,Robos agravados por el resultado de lesiones y/o muertes,5699,,,,,12.326205,,,
2022,18,Tentativas de robo agravado por el resultado de lesiones y/o muertes,1403,,,,,3.0345089,,,
2022,19,Hurtos,313767,,,,,678.63776,,,
2022,2,Homicidios dolosos en grado de tentativa,1309,1488,1051,324,113,2.8311989,3.218353,4.6280236,1.3772377
2022,20,Tentativas de hurto,12404,,,,,26.828259,,,
2022,21,Otros delitos contra la propiedad,186154,,,,,402.6272,,,
2022,22,Delitos contra la seguridad pública,33477,,,,,72.406448,,,
2022,22_1,Fabricación adquisición transferencia y tenencia de explosivos y otros materiales peligrosos,131,,,,,.28333619,,,
2022,22_2,Tenencia ilegal de armas de fuego,2619,,,,,5.6645608,,,
2022,22_3,Portación ilegal de armas de fuego,1365,,,,,2.9523196,,,
2022,22_4,Acopio y fabricación ilegal de armas piezas y municiones,35,,,,,.075700507,,,
2022,22_5,Entrega y comercialización ilegal de armas de fuego,55,,,,,.11895794,,,
2022,22_6,Omisión adulteración y supresión de marcaje,164,,,,,.35471094,,,
2022,22_7,Otros delitos contra la seguridad pública,29108,,,,,62.956867,,,
2022,23,Delitos contra el orden público,3139,,,,,6.7892537,,,
2022,24,Delitos contra la seguridad de la nación,56,,,,,.12112081,,,
2022,25,Delitos contra los poderes públicos y el orden constitucional,308,,,,,.66616446,,,
2022,26,Delitos contra la administración pública,39550,,,,,85.541573,,,
2022,27,Delitos contra la fe pública,10995,,,,,23.780773,,,
2022,28,Ley 23.737 (estupefacientes),77414,,,,,167.43654,,,
2022,28_1,Siembra y producción de estupefacientes,1002,,,,,2.1671972,,,
2022,28_10,Otros delitos previstos en la ley 23.737,8233,,,,,17.806921,,,
2022,28_2,Comercialización y entrega de estupefacientes,6321,,,,,13.671512,,,
2022,28_3,Tenencia o entrega atenuada de estupefacientes,1078,,,,,2.3315756,,,
2022,28_4,Desvío de Importación de estupefacientes,116,,,,,.25089312,,,
2022,28_5,Organización y financiación de estupefacientes,227,,,,,.49097186,,,
2022,28_6,Tenencia simple de estupefacientes,10528,,,,,22.770712,,,
2022,28_7,Tenencia simple atenuada para uso personal de estupefacientes,48942,,,,,105.85526,,,
2022,28_8,Confabulación de estupefacientes,188,,,,,.40661985,,,
2022,28_9,Contrabando de estupefacientes,779,,,,,1.6848769,,,
2022,29,Delitos previstos en otras leyes,65612,,,,,141.91032,,,
2022,29_1,Ley de residuos peligrosos,326,,,,,.70509613,,,
2022,29_2,Ley de fauna,1715,,,,,3.7093248,,,
2022,29_3,Delitos migratorios,3388,,,,,7.3278089,,,
2022,29_4,Obstrucción del código aduanero,327,,,,,.707259,,,
2022,29_5,Contrabando Simple,15494,,,,,33.511532,,,
2022,29_6,Contrabando Agravado,396,,,,,.85649717,,,
2022,29_7,Contrabando de elementos nucleares agresivos químicos armas y municiones,120,,,,,.25954458,,,
2022,29_8,Otros delitos previstos en leyes especiales,43846,,,,,94.833267,,,
2022,3,Muertes en accidentes viales,3781,4183,3114,949,120,8.1778173,9.0472918,13.712337,4.033946
2022,30,Contravenciones,74313,,,,,160.72948,,,
2022,31,Suicidios (consumados),3959,3959,3063,859,37,9.3041182,9.3041182,14.716161,3.9517512
2022,32,Delitos contra el orden económico y financiero,359,,,,,.7764709,,,
2022,4,Homicidios culposos por otros hechos,567,725,407,180,138,1.2263482,1.5680819,1.7922032,.76513201
2022,5,Lesiones dolosas,167994,177267,61377,91917,23973,363.34946,383.40576,270.27042,390.71466
2022,6,Lesiones culposas en Accidentes Viales,89877,104372,62797,34245,7330,194.39241,225.74324,276.52332,145.56636
2022,7,Lesiones culposas por otros hechos,13947,14130,2551,2488,9091,30.165569,30.561375,11.233195,10.575825
2022,8,Otros delitos contra las personas,42226,43183,13166,23498,6519,91.329414,93.399284,57.975792,99.883736
2022,9,Delitos contra el honor,645,663,208,336,119,1.3950522,1.4339838,.91591716,1.4282464
2023,1,Homicidios dolosos,1996,2047,1685,362,0,4.2782507,4.3875647,7.3507338,1.5253859
2023,10,Abusos sexuales con acceso carnal (violaciones),6387,6473,568,5079,826,13.689974,13.874308,2.4778736,21.401754
2023,11,Otros delitos contra la integridad sexual,32124,35113,3938,25797,5378,68.854973,75.261635,17.179342,108.70271
2023,11_1,Tentativa de abuso sexual con acceso carnal,360,382,49,298,35,.77162838,.81878346,.21376021,1.2557044
2023,11_2,Abuso sexual simple,15817,17065,1741,12078,3246,33.902351,36.577332,7.5950313,50.893951
2023,11_3,Abuso sexual agravado,1395,1503,190,1217,96,2.9900601,3.2215486,.82886612,5.1281619
2023,11_4,Ciberdelitos sexuales vinculados a menores,1366,1380,64,356,960,2.927901,2.9579089,.27919701,1.5001032
2023,11_5,Otros delitos contra la integridad sexual,13186,14783,1894,11848,1041,28.263033,31.686064,8.2624865,49.924786
2023,12,Delitos contra el estado civil,189,,,,,.40510491,,,
2023,13,Amenazas,214848,,,,,460.50784,,,
2023,14,Otros delitos contra la libertad,15230,15960,4361,6576,5023,32.644169,34.208858,19.02466,27.709772
2023,14_1,Trata de personas simple,229,442,86,202,154,.49084139,.94738823,.37517101,.85118216
2023,14_2,Trata de personas agravado,38,56,19,7,30,.081449665,.12003109,.082886614,.029496413
2023,14_3,Otros delitos contra la libertad,14963,15462,4256,6367,4839,32.071877,33.141441,18.566601,26.829094
2023,15,Robos (excluye los agravados por el resultado de lesiones y/o muertes),455271,,,,,975.83344,,,
2023,16,Tentativas de robo (excluye las agravadas por el res. de lesiones y/o muerte),32503,,,,,69.667328,,,
2023,17,Robos agravados por el resultado de lesiones y/o muertes,4815,,,,,10.32053,,,
2023,18,Tentativas de robo agravado por el resultado de lesiones y/o muertes,1469,,,,,3.1486726,,,
2023,19,Hurtos,366516,,,,,785.59491,,,
2023,2,Homicidios dolosos en grado de tentativa,1488,1675,1091,401,183,3.1893973,3.5902154,4.7594366,1.689723
2023,20,Tentativas de hurto,17211,,,,,36.890266,,,
2023,21,Otros delitos contra la propiedad,211422,,,,,453.16449,,,
2023,21_1,Extorsiones,1780,,,,,3.8152738,,,
2023,21_2,Secuestros extorsivos,107,,,,,.22934511,,,
2023,21_3,Estafas y defraudaciones (no incluye virtuales) y usura,62043,,,,,132.98372,,,
2023,21_4,Estafas y defraudaciones asistidas virtualmente,25147,,,,,53.900387,,,
2023,21_5,Daños (no incluye informáticos),68684,,,,,147.21812,,,
2023,21_6,Acceso ilegal a sistemas informáticos y daños informáticos,316,,,,,.67731827,,,
2023,21_7,Otros delitos contra la propiedad,53345,,,,,114.34032,,,
2023,22,Delitos contra la seguridad pública,33936,,,,,72.738838,,,
2023,22_1,Fabricación adquisición transferencia y tenencia de explosivos y otros materiales peligrosos,69,,,,,.14789544,,,
2023,22_2,Tenencia ilegal de armas de fuego,2469,,,,,5.2920847,,,
2023,22_3,Portación ilegal de armas de fuego,1305,,,,,2.797153,,,
2023,22_4,Acopio y fabricación ilegal de armas piezas y municiones,81,,,,,.17361639,,,
2023,22_5,Entrega y comercialización ilegal de armas de fuego,65,,,,,.13932179,,,
2023,22_6,Omisión adulteración y supresión de marcaje,137,,,,,.29364747,,,
2023,22_7,Otros delitos contra la seguridad pública,29810,,,,,63.895119,,,
2023,23,Delitos contra el orden público,3628,,,,,7.7762995,,,
2023,24,Delitos contra la seguridad de la nación,13,,,,,.027864359,,,
2023,25,Delitos contra los poderes públicos y el orden constitucional,130,,,,,.27864358,,,
2023,26,Delitos contra la administración pública,42856,,,,,91.858078,,,
2023,27,Delitos contra la fe pública,11307,,,,,24.235561,,,
2023,28,Ley 23.737 (estupefacientes),73798,,,,,158.17953,,,
2023,28_1,Siembra y producción de estupefacientes,1105,,,,,2.3684704,,,
2023,28_10,Otros delitos previstos en la ley 23.737,7446,,,,,15.959847,,,
2023,28_2,Comercialización y entrega de estupefacientes,6954,,,,,14.905289,,,
2023,28_3,Tenencia o entrega atenuada de estupefacientes,845,,,,,1.8111833,,,
2023,28_4,Desvío de Importación de estupefacientes,0,,,,,0,,,
2023,28_5,Organización y financiación de estupefacientes,135,,,,,.28936064,,,
2023,28_6,Tenencia simple de estupefacientes,10205,,,,,21.873522,,,
2023,28_7,Tenencia simple atenuada para uso personal de estupefacientes,46452,,,,,99.565788,,,
2023,28_8,Confabulación de estupefacientes,154,,,,,.33008549,,,
2023,28_9,Contrabando de estupefacientes,502,,,,,1.0759929,,,
2023,29,Delitos previstos en otras leyes,63692,,,,,136.51822,,,
2023,29_1,Ley de residuos peligrosos,43,,,,,.092166729,,,
2023,29_2,Ley de fauna,1582,,,,,3.3908782,,,
2023,29_3,Delitos migratorios,2838,,,,,6.083004,,,
2023,29_4,Obstrucción del código aduanero,98,,,,,.2100544,,,
2023,29_5,Contrabando Simple,17898,,,,,38.362793,,,
2023,29_6,Contrabando Agravado,448,,,,,.96024871,,,
2023,29_7,Contrabando de elementos nucleares agresivos químicos armas y municiones,7,,,,,.015003886,,,
2023,29_8,Otros delitos previstos en leyes especiales,40778,,,,,87.404068,,,
2023,3,Muertes en accidentes viales,3568,3956,3066,873,17,7.6476951,8.4793386,13.375282,3.6786239
2023,30,Contravenciones,75953,,,,,162.79858,,,
2023,31,Suicidios (consumados),4205,4205,3279,869,57,9.7821798,9.7821798,15.588165,3.958792
2023,32,Delitos contra el orden económico y financiero,320,,,,,.68589193,,,
2023,4,Homicidios culposos por otros hechos,628,821,456,188,177,1.3460629,1.7597414,1.9892788,.79218936
2023,5,Lesiones dolosas,168619,177213,62690,95602,18921,361.42001,379.84052,273.48221,402.84515
2023,6,Lesiones culposas en Accidentes Viales,89058,104825,58418,35219,11188,190.888,224.68318,254.84581,148.40488
2023,7,Lesiones culposas por otros hechos,15211,15442,3234,3053,9155,32.603443,33.098572,14.108174,12.86465
2023,8,Otros delitos contra las personas,46049,46971,14455,25892,6624,98.701988,100.67822,63.059265,109.10301
2023,9,Delitos contra el honor,763,789,303,407,79,1.6354235,1.6911522,1.3218234,1.7150056
2024,1,Homicidios dolosos,1734,1803,1490,313,0,3.6840596,3.8306572,6.4410577,1.3077196
2024,10,Abusos sexuales con acceso carnal (violaciones),6196,6375,550,4958,867,13.164034,13.544337,2.3775716,20.714613
2024,11,Otros delitos contra la integridad sexual,27199,30218,3527,21718,4973,57.787048,64.201218,15.246719,90.73819
2024,11_1,Tentativa de abuso sexual con acceso carnal,251,268,26,227,15,.53327507,.56939334,.1123943,.94841003
2024,11_2,Abuso sexual simple,17664,19872,2280,14287,3305,37.528969,42.220089,9.8561153,59.691341
2024,11_3,Abuso sexual agravado,1571,1732,226,1358,148,3.3377497,3.6798105,.97696584,5.673748
2024,11_4,Ciberdelitos sexuales vinculados a menores,795,819,60,309,450,1.6890585,1.740049,.25937146,1.2910075
2024,11_5,Otros delitos contra la integridad sexual,6918,7527,935,5537,1055,14.697996,15.991879,4.041872,23.133684
2024,12,Delitos contra el estado civil,121,,,,,.25707683,,,
2024,13,Amenazas,204599,,,,,434.69144,,,
2024,14,Otros delitos contra la libertad,12817,14101,4059,5831,4211,27.231022,29.959011,17.546478,24.362022
2024,14_1,Trata de personas simple,174,294,44,172,78,.36968073,.62463295,.19020574,.71861905
2024,14_2,Trata de personas agravado,28,28,1,11,16,.059488855,.059488855,.0043228576,.045958195
2024,14_3,Otros delitos contra la libertad,12615,13779,4014,5648,4117,26.801853,29.274889,17.35195,23.597445
2024,15,Robos (excluye los agravados por el resultado de lesiones y/o muertes),460618,,,,,978.62988,,,
2024,16,Tentativas de robo (excluye las agravadas por el res. de lesiones y/o muerte),35320,,,,,75.040939,,,
2024,17,Robos agravados por el resultado de lesiones y/o muertes,5750,,,,,12.216461,,,
2024,18,Tentativas de robo agravado por el resultado de lesiones y/o muertes,1427,,,,,3.0318069,,,
2024,19,Hurtos,376498,,,,,799.90839,,,
2024,2,Homicidios dolosos en grado de tentativa,1406,1693,1263,352,78,2.9871902,3.596951,5.4597692,1.4706622
2024,20,Tentativas de hurto,20358,,,,,43.252647,,,
2024,21,Otros delitos contra la propiedad,234461,,,,,498.13629,,,
2024,21_1,Extorsiones,1540,,,,,3.2718868,,,
2024,21_2,Secuestros extorsivos,106,,,,,.22520781,,,
2024,21_3,Estafas y defraudaciones (no incluye virtuales) y usura,66330,,,,,140.92485,,,
2024,21_4,Estafas y defraudaciones asistidas virtualmente,68441,,,,,145.40988,,,
2024,21_5,Daños (no incluye informáticos),73255,,,,,155.63771,,,
2024,21_6,Acceso ilegal a sistemas informáticos y daños informáticos,206,,,,,.437668,,,
2024,21_7,Otros delitos contra la propiedad,24583,,,,,52.229088,,,
2024,22,Delitos contra la seguridad pública,21181,,,,,45.001194,,,
2024,22_1,Fabricación adquisición transferencia y tenencia de explosivos y otros materiales peligrosos,58,,,,,.12322691,,,
2024,22_2,Tenencia ilegal de armas de fuego,3173,,,,,6.7413621,,,
2024,22_3,Portación ilegal de armas de fuego,1963,,,,,4.1705937,,,
2024,22_4,Acopio y fabricación ilegal de armas piezas y municiones,181,,,,,.38455296,,,
2024,22_5,Entrega y comercialización ilegal de armas de fuego,95,,,,,.20183718,,,
2024,22_6,Omisión adulteración y supresión de marcaje,149,,,,,.31656569,,,
2024,22_7,Otros delitos contra la seguridad pública,15562,,,,,33.063053,,,
2024,23,Delitos contra el orden público,2026,,,,,4.3044434,,,
2024,24,Delitos contra la seguridad de la nación,68,,,,,.14447293,,,
2024,25,Delitos contra los poderes públicos y el orden constitucional,118,,,,,.25070304,,,
2024,26,Delitos contra la administración pública,49942,,,,,106.10686,,,
2024,27,Delitos contra la fe pública,10533,,,,,22.378431,,,
2024,28,Ley 23.737 (estupefacientes),91008,,,,,193.35577,,,
2024,28_1,Siembra y producción de estupefacientes,950,,,,,2.0183718,,,
2024,28_10,Otros delitos previstos en la ley 23.737,12603,,,,,26.776358,,,
2024,28_2,Comercialización y entrega de estupefacientes,8015,,,,,17.028685,,,
2024,28_3,Tenencia o entrega atenuada de estupefacientes,556,,,,,1.1812787,,,
2024,28_4,Desvío de Importación de estupefacientes,1,,,,,.002124602,,,
2024,28_5,Organización y financiación de estupefacientes,126,,,,,.26769984,,,
2024,28_6,Tenencia simple de estupefacientes,9793,,,,,20.806227,,,
2024,28_7,Tenencia simple atenuada para uso personal de estupefacientes,58232,,,,,123.71982,,,
2024,28_8,Confabulación de estupefacientes,134,,,,,.28469667,,,
2024,28_9,Contrabando de estupefacientes,598,,,,,1.270512,,,
2024,29,Delitos previstos en otras leyes,67496,,,,,143.40213,,,
2024,29_1,Ley de residuos peligrosos,67,,,,,.14234833,,,
2024,29_2,Ley de fauna,1328,,,,,2.8214715,,,
2024,29_3,Delitos migratorios,1903,,,,,4.0431175,,,
2024,29_4,Obstrucción del código aduanero,153,,,,,.32506409,,,
2024,29_5,Contrabando Simple,16485,,,,,35.024063,,,
2024,29_6,Contrabando Agravado,597,,,,,1.2683873,,,
2024,29_7,Contrabando de elementos nucleares agresivos químicos armas y municiones,16,,,,,.033993632,,,
2024,29_8,Otros delitos previstos en leyes especiales,46947,,,,,99.743683,,,
2024,3,Muertes en accidentes viales,3205,3539,2730,802,7,6.8093491,7.5189662,11.801401,3.3507702
2024,30,Contravenciones,85856,,,,,182.40982,,,
2024,31,Suicidios (consumados),4245,4249,3419,813,17,9.7777338,9.7869473,16.087038,3.6684692
2024,32,Delitos contra el orden económico y financiero,330,,,,,.70111865,,,
2024,4,Homicidios culposos por otros hechos,553,599,324,128,147,1.1749048,1.2726365,1.4006059,.53478628
2024,5,Lesiones dolosas,169511,180842,63244,88327,29271,360.1434,384.21725,273.39481,369.03177
2024,6,Lesiones culposas en Accidentes Viales,89424,107683,63143,35809,8731,189.9904,228.78351,272.95819,149.61064
2024,7,Lesiones culposas por otros hechos,13471,13813,1930,1714,10169,28.620512,29.347126,8.3431149,7.1611223
2024,8,Otros delitos contra las personas,48581,49574,14988,26635,7951,103.21529,105.32501,64.790993,111.2815
2024,9,Delitos contra el honor,843,865,324,487,54,1.7910395,1.8377806,1.4006059,2.0346947
